name,sci_field,year,link,sex
Акбердиной Виктории Викторовне,общественные науки,2015,http://www.ras.ru/presidium/documents/directions.aspx?ID=72722e43-d556-44e1-a01d-b2bfd8a79a80,f
Алмаеву Николаю Альбертовичу,общественные науки,2015,http://www.ras.ru/presidium/documents/directions.aspx?ID=72722e43-d556-44e1-a01d-b2bfd8a79a80,m
Андреевой Елене Леонидовне,общественные науки,2015,http://www.ras.ru/presidium/documents/directions.aspx?ID=72722e43-d556-44e1-a01d-b2bfd8a79a80,f
Баксанскому Олегу Евгеньевичу,общественные науки,2015,http://www.ras.ru/presidium/documents/directions.aspx?ID=72722e43-d556-44e1-a01d-b2bfd8a79a80,m
Дергачевой Елене Александровне,общественные науки,2015,http://www.ras.ru/presidium/documents/directions.aspx?ID=72722e43-d556-44e1-a01d-b2bfd8a79a80,f
Кабир Людмиле Сергеевне,общественные науки,2015,http://www.ras.ru/presidium/documents/directions.aspx?ID=72722e43-d556-44e1-a01d-b2bfd8a79a80,f
Кузнецовой Ольге Владимировне,общественные науки,2015,http://www.ras.ru/presidium/documents/directions.aspx?ID=72722e43-d556-44e1-a01d-b2bfd8a79a80,f
Логинову Евгению Леонидовичу,общественные науки,2015,http://www.ras.ru/presidium/documents/directions.aspx?ID=72722e43-d556-44e1-a01d-b2bfd8a79a80,m
Найден Светлане Николаевне,общественные науки,2015,http://www.ras.ru/presidium/documents/directions.aspx?ID=72722e43-d556-44e1-a01d-b2bfd8a79a80,f
Нестику Тимофею Александровичу,общественные науки,2015,http://www.ras.ru/presidium/documents/directions.aspx?ID=72722e43-d556-44e1-a01d-b2bfd8a79a80,m
Рыжовой Наталье Петровне,общественные науки,2015,http://www.ras.ru/presidium/documents/directions.aspx?ID=72722e43-d556-44e1-a01d-b2bfd8a79a80,f
Синеокой Юлии Вадимовне,общественные науки,2015,http://www.ras.ru/presidium/documents/directions.aspx?ID=72722e43-d556-44e1-a01d-b2bfd8a79a80,f
Фишману Леониду Гершевичу,общественные науки,2015,http://www.ras.ru/presidium/documents/directions.aspx?ID=72722e43-d556-44e1-a01d-b2bfd8a79a80,m
Ярашевой Азизе Викторовне,общественные науки,2015,http://www.ras.ru/presidium/documents/directions.aspx?ID=72722e43-d556-44e1-a01d-b2bfd8a79a80,f
Александровой Татьяне Николаевне,науки о Земле,2015,http://www.ras.ru/presidium/documents/directions.aspx?ID=d970afa6-9c0c-4d0c-9c0b-cde1155d0b73,f
Бешенцеву Андрею Николаевичу,науки о Земле,2015,http://www.ras.ru/presidium/documents/directions.aspx?ID=d970afa6-9c0c-4d0c-9c0b-cde1155d0b73,m
Боброву Алексею Владимировичу,науки о Земле,2015,http://www.ras.ru/presidium/documents/directions.aspx?ID=d970afa6-9c0c-4d0c-9c0b-cde1155d0b73,m
Бычкову Андрею Юрьевичу,науки о Земле,2015,http://www.ras.ru/presidium/documents/directions.aspx?ID=d970afa6-9c0c-4d0c-9c0b-cde1155d0b73,m
Володину Евгению Михайловичу,науки о Земле,2015,http://www.ras.ru/presidium/documents/directions.aspx?ID=d970afa6-9c0c-4d0c-9c0b-cde1155d0b73,m
Вшивковой Ольге Владимировне,науки о Земле,2015,http://www.ras.ru/presidium/documents/directions.aspx?ID=d970afa6-9c0c-4d0c-9c0b-cde1155d0b73,f
Гармаеву Ендону Жамьяновичу,науки о Земле,2015,http://www.ras.ru/presidium/documents/directions.aspx?ID=d970afa6-9c0c-4d0c-9c0b-cde1155d0b73,m
Головацкой Евгении Александровне,науки о Земле,2015,http://www.ras.ru/presidium/documents/directions.aspx?ID=d970afa6-9c0c-4d0c-9c0b-cde1155d0b73,f
Гражданкину Дмитрию Владимировичу,науки о Земле,2015,http://www.ras.ru/presidium/documents/directions.aspx?ID=d970afa6-9c0c-4d0c-9c0b-cde1155d0b73,m
Грицуну Андрею Сергеевичу,науки о Земле,2015,http://www.ras.ru/presidium/documents/directions.aspx?ID=d970afa6-9c0c-4d0c-9c0b-cde1155d0b73,m
Гущиной Дарье Юрьевне,науки о Земле,2015,http://www.ras.ru/presidium/documents/directions.aspx?ID=d970afa6-9c0c-4d0c-9c0b-cde1155d0b73,f
Диденкуловой Ирине Игоревне,науки о Земле,2015,http://www.ras.ru/presidium/documents/directions.aspx?ID=d970afa6-9c0c-4d0c-9c0b-cde1155d0b73,f
Елисееву Алексею Викторовичу,науки о Земле,2015,http://www.ras.ru/presidium/documents/directions.aspx?ID=d970afa6-9c0c-4d0c-9c0b-cde1155d0b73,m
Еременко Виталию Андреевичу,науки о Земле,2015,http://www.ras.ru/presidium/documents/directions.aspx?ID=d970afa6-9c0c-4d0c-9c0b-cde1155d0b73,m
Еремину Николаю Николаевичу,науки о Земле,2015,http://www.ras.ru/presidium/documents/directions.aspx?ID=d970afa6-9c0c-4d0c-9c0b-cde1155d0b73,m
Завьялову Петру Олеговичу,науки о Земле,2015,http://www.ras.ru/presidium/documents/directions.aspx?ID=d970afa6-9c0c-4d0c-9c0b-cde1155d0b73,m
Закирову Эрнесту Сумбатовичу,науки о Земле,2015,http://www.ras.ru/presidium/documents/directions.aspx?ID=d970afa6-9c0c-4d0c-9c0b-cde1155d0b73,m
Зедгенизову Дмитрию Александровичу,науки о Земле,2015,http://www.ras.ru/presidium/documents/directions.aspx?ID=d970afa6-9c0c-4d0c-9c0b-cde1155d0b73,m
Индрупскому Илье Михайловичу,науки о Земле,2015,http://www.ras.ru/presidium/documents/directions.aspx?ID=d970afa6-9c0c-4d0c-9c0b-cde1155d0b73,m
Казанину Олегу Ивановичу,науки о Земле,2015,http://www.ras.ru/presidium/documents/directions.aspx?ID=d970afa6-9c0c-4d0c-9c0b-cde1155d0b73,m
Кирдяшкину Алексею Анатольевичу,науки о Земле,2015,http://www.ras.ru/presidium/documents/directions.aspx?ID=d970afa6-9c0c-4d0c-9c0b-cde1155d0b73,m
Коровникову Игорю Валентиновичу,науки о Земле,2015,http://www.ras.ru/presidium/documents/directions.aspx?ID=d970afa6-9c0c-4d0c-9c0b-cde1155d0b73,m
Корсакову Андрею Викторовичу,науки о Земле,2015,http://www.ras.ru/presidium/documents/directions.aspx?ID=d970afa6-9c0c-4d0c-9c0b-cde1155d0b73,m
Кривовичеву Сергею Владимировичу,науки о Земле,2015,http://www.ras.ru/presidium/documents/directions.aspx?ID=d970afa6-9c0c-4d0c-9c0b-cde1155d0b73,m
Кулакову Ивану Юрьевичу,науки о Земле,2015,http://www.ras.ru/presidium/documents/directions.aspx?ID=d970afa6-9c0c-4d0c-9c0b-cde1155d0b73,m
Левыкину Сергею Вячеславовичу,науки о Земле,2015,http://www.ras.ru/presidium/documents/directions.aspx?ID=d970afa6-9c0c-4d0c-9c0b-cde1155d0b73,m
Летниковой Елене Феликсовне,науки о Земле,2015,http://www.ras.ru/presidium/documents/directions.aspx?ID=d970afa6-9c0c-4d0c-9c0b-cde1155d0b73,f
Литасову Константину Дмитриевичу,науки о Земле,2015,http://www.ras.ru/presidium/documents/directions.aspx?ID=d970afa6-9c0c-4d0c-9c0b-cde1155d0b73,m
Мальчевскому Владимиру Алексеевичу,науки о Земле,2015,http://www.ras.ru/presidium/documents/directions.aspx?ID=d970afa6-9c0c-4d0c-9c0b-cde1155d0b73,m
Майорову Александру Евгеньевичу,науки о Земле,2015,http://www.ras.ru/presidium/documents/directions.aspx?ID=d970afa6-9c0c-4d0c-9c0b-cde1155d0b73,m
Микляеву Петру Сергеевичу,науки о Земле,2015,http://www.ras.ru/presidium/documents/directions.aspx?ID=d970afa6-9c0c-4d0c-9c0b-cde1155d0b73,m
Наугольныху Сергею Владимировичу,науки о Земле,2015,http://www.ras.ru/presidium/documents/directions.aspx?ID=d970afa6-9c0c-4d0c-9c0b-cde1155d0b73,m
Носову Михаилу Александровичу,науки о Земле,2015,http://www.ras.ru/presidium/documents/directions.aspx?ID=d970afa6-9c0c-4d0c-9c0b-cde1155d0b73,m
Нырцову Максиму Валерьевичу,науки о Земле,2015,http://www.ras.ru/presidium/documents/directions.aspx?ID=d970afa6-9c0c-4d0c-9c0b-cde1155d0b73,m
Оганову Артему Ромаевичу,науки о Земле,2015,http://www.ras.ru/presidium/documents/directions.aspx?ID=d970afa6-9c0c-4d0c-9c0b-cde1155d0b73,m
Пекову Игорю Викторовичу,науки о Земле,2015,http://www.ras.ru/presidium/documents/directions.aspx?ID=d970afa6-9c0c-4d0c-9c0b-cde1155d0b73,m
Пинегиной Татьяне Константиновне,науки о Земле,2015,http://www.ras.ru/presidium/documents/directions.aspx?ID=d970afa6-9c0c-4d0c-9c0b-cde1155d0b73,f
Репиной Ирине Анатольевне,науки о Земле,2015,http://www.ras.ru/presidium/documents/directions.aspx?ID=d970afa6-9c0c-4d0c-9c0b-cde1155d0b73,f
Сафонову Олегу Геннадьевичу,науки о Земле,2015,http://www.ras.ru/presidium/documents/directions.aspx?ID=d970afa6-9c0c-4d0c-9c0b-cde1155d0b73,m
Семенову Владимиру Анатольевичу,науки о Земле,2015,http://www.ras.ru/presidium/documents/directions.aspx?ID=d970afa6-9c0c-4d0c-9c0b-cde1155d0b73,m
Собисевичу Алексею Леонидовичу,науки о Земле,2015,http://www.ras.ru/presidium/documents/directions.aspx?ID=d970afa6-9c0c-4d0c-9c0b-cde1155d0b73,m
Соловьеву Алексею Викторовичу,науки о Земле,2015,http://www.ras.ru/presidium/documents/directions.aspx?ID=d970afa6-9c0c-4d0c-9c0b-cde1155d0b73,m
Стеблову Григорию Михайловичу,науки о Земле,2015,http://www.ras.ru/presidium/documents/directions.aspx?ID=d970afa6-9c0c-4d0c-9c0b-cde1155d0b73,m
Степановой Инне Эдуардовне,науки о Земле,2015,http://www.ras.ru/presidium/documents/directions.aspx?ID=d970afa6-9c0c-4d0c-9c0b-cde1155d0b73,f
Стефанову Юрию Павловичу,науки о Земле,2015,http://www.ras.ru/presidium/documents/directions.aspx?ID=d970afa6-9c0c-4d0c-9c0b-cde1155d0b73,m
Тараканову Роману Юрьевичу,науки о Земле,2015,http://www.ras.ru/presidium/documents/directions.aspx?ID=d970afa6-9c0c-4d0c-9c0b-cde1155d0b73,m
Тихоцкому Сергею Андреевичу,науки о Земле,2015,http://www.ras.ru/presidium/documents/directions.aspx?ID=d970afa6-9c0c-4d0c-9c0b-cde1155d0b73,m
Ткаченко Игорю Вячеславовичу,науки о Земле,2015,http://www.ras.ru/presidium/documents/directions.aspx?ID=d970afa6-9c0c-4d0c-9c0b-cde1155d0b73,m
Чимитдоржиеву Тумэну Намжиловичу,науки о Земле,2015,http://www.ras.ru/presidium/documents/directions.aspx?ID=d970afa6-9c0c-4d0c-9c0b-cde1155d0b73,m
Шапиро Николаю Михайловичу,науки о Земле,2015,http://www.ras.ru/presidium/documents/directions.aspx?ID=d970afa6-9c0c-4d0c-9c0b-cde1155d0b73,m
Шацкому Антону Фарисовичу,науки о Земле,2015,http://www.ras.ru/presidium/documents/directions.aspx?ID=d970afa6-9c0c-4d0c-9c0b-cde1155d0b73,m
Алексеевой Елене Вениаминовне,историко-филологические науки,2016,http://www.ras.ru/presidium/documents/directions.aspx?ID=a56cd7bb-719b-4384-8c8c-5fe11863ef46,f
Березович Елене Львовне,историко-филологические науки,2016,http://www.ras.ru/presidium/documents/directions.aspx?ID=a56cd7bb-719b-4384-8c8c-5fe11863ef46,f
Гринцеру Николаю Павловичу,историко-филологические науки,2016,http://www.ras.ru/presidium/documents/directions.aspx?ID=a56cd7bb-719b-4384-8c8c-5fe11863ef46,m
Десницкому Андрею Сергеевичу,историко-филологические науки,2016,http://www.ras.ru/presidium/documents/directions.aspx?ID=a56cd7bb-719b-4384-8c8c-5fe11863ef46,m
Загребину Алексею Егоровичу,историко-филологические науки,2016,http://www.ras.ru/presidium/documents/directions.aspx?ID=a56cd7bb-719b-4384-8c8c-5fe11863ef46,m
Казаковской Виктории Виладиевне,историко-филологические науки,2016,http://www.ras.ru/presidium/documents/directions.aspx?ID=a56cd7bb-719b-4384-8c8c-5fe11863ef46,f
Коробову Дмитрию Сергеевичу,историко-филологические науки,2016,http://www.ras.ru/presidium/documents/directions.aspx?ID=a56cd7bb-719b-4384-8c8c-5fe11863ef46,m
Кривошапкину Андрею Иннокентьевичу,историко-филологические науки,2016,http://www.ras.ru/presidium/documents/directions.aspx?ID=a56cd7bb-719b-4384-8c8c-5fe11863ef46,m
Липкину Михаилу Аркадьевичу,историко-филологические науки,2016,http://www.ras.ru/presidium/documents/directions.aspx?ID=a56cd7bb-719b-4384-8c8c-5fe11863ef46,m
Люстрову Михаилу Юрьевичу,историко-филологические науки,2016,http://www.ras.ru/presidium/documents/directions.aspx?ID=a56cd7bb-719b-4384-8c8c-5fe11863ef46,m
Панченко Александру Александровичу,историко-филологические науки,2016,http://www.ras.ru/presidium/documents/directions.aspx?ID=a56cd7bb-719b-4384-8c8c-5fe11863ef46,m
Полонскому Вадиму Владимировичу,историко-филологические науки,2016,http://www.ras.ru/presidium/documents/directions.aspx?ID=a56cd7bb-719b-4384-8c8c-5fe11863ef46,m
Савинову Дмитрию Михайловичу,историко-филологические науки,2016,http://www.ras.ru/presidium/documents/directions.aspx?ID=a56cd7bb-719b-4384-8c8c-5fe11863ef46,m
Соловьеву Кириллу Андреевичу,историко-филологические науки,2016,http://www.ras.ru/presidium/documents/directions.aspx?ID=a56cd7bb-719b-4384-8c8c-5fe11863ef46,m
Стефановичу Петру Сергеевичу,историко-филологические науки,2016,http://www.ras.ru/presidium/documents/directions.aspx?ID=a56cd7bb-719b-4384-8c8c-5fe11863ef46,m
Успенскому Федору Борисовичу,историко-филологические науки,2016,http://www.ras.ru/presidium/documents/directions.aspx?ID=a56cd7bb-719b-4384-8c8c-5fe11863ef46,m
Хавановой Ольге Владимировне,историко-филологические науки,2016,http://www.ras.ru/presidium/documents/directions.aspx?ID=a56cd7bb-719b-4384-8c8c-5fe11863ef46,f
Христофорову Игорю Анатольевичу,историко-филологические науки,2016,http://www.ras.ru/presidium/documents/directions.aspx?ID=a56cd7bb-719b-4384-8c8c-5fe11863ef46,m
Черных Александру Васильевичу,историко-филологические науки,2016,http://www.ras.ru/presidium/documents/directions.aspx?ID=a56cd7bb-719b-4384-8c8c-5fe11863ef46,m
Аверьянову Александру Олеговичу,биологические науки,2016,http://www.ras.ru/presidium/documents/directions.aspx?ID=6fb46b72-5eb2-4922-b661-9e34c8defb45,m
Балановскому Олегу Павловичу,биологические науки,2016,http://www.ras.ru/presidium/documents/directions.aspx?ID=6fb46b72-5eb2-4922-b661-9e34c8defb45,m
Борисову Виталию Борисовичу,биологические науки,2016,http://www.ras.ru/presidium/documents/directions.aspx?ID=6fb46b72-5eb2-4922-b661-9e34c8defb45,m
Головину Антону Клеменсовичу,биологические науки,2016,http://www.ras.ru/presidium/documents/directions.aspx?ID=6fb46b72-5eb2-4922-b661-9e34c8defb45,m
Демидюку Илье Валерьевичу,биологические науки,2016,http://www.ras.ru/presidium/documents/directions.aspx?ID=6fb46b72-5eb2-4922-b661-9e34c8defb45,m
Жаркову Дмитрию Олеговичу,биологические науки,2016,http://www.ras.ru/presidium/documents/directions.aspx?ID=6fb46b72-5eb2-4922-b661-9e34c8defb45,m
Коробко Игорю Викторовичу,биологические науки,2016,http://www.ras.ru/presidium/documents/directions.aspx?ID=6fb46b72-5eb2-4922-b661-9e34c8defb45,m
Купрашу Дмитрию Владимировичу,биологические науки,2016,http://www.ras.ru/presidium/documents/directions.aspx?ID=6fb46b72-5eb2-4922-b661-9e34c8defb45,m
Лагунину Алексею Александровичу,биологические науки,2016,http://www.ras.ru/presidium/documents/directions.aspx?ID=6fb46b72-5eb2-4922-b661-9e34c8defb45,m
Лукьянову Константину Анатольевичу,биологические науки,2016,http://www.ras.ru/presidium/documents/directions.aspx?ID=6fb46b72-5eb2-4922-b661-9e34c8defb45,m
Маркову Александру Владимировичу,биологические науки,2016,http://www.ras.ru/presidium/documents/directions.aspx?ID=6fb46b72-5eb2-4922-b661-9e34c8defb45,m
Орлову Юрию Львовичу,биологические науки,2016,http://www.ras.ru/presidium/documents/directions.aspx?ID=6fb46b72-5eb2-4922-b661-9e34c8defb45,m
Павловой Галине Валериевне,биологические науки,2016,http://www.ras.ru/presidium/documents/directions.aspx?ID=6fb46b72-5eb2-4922-b661-9e34c8defb45,f
Плотникову Егору Юрьевичу,биологические науки,2016,http://www.ras.ru/presidium/documents/directions.aspx?ID=6fb46b72-5eb2-4922-b661-9e34c8defb45,m
Полилову Алексею Алексеевичу,биологические науки,2016,http://www.ras.ru/presidium/documents/directions.aspx?ID=6fb46b72-5eb2-4922-b661-9e34c8defb45,m
Пущиной Евгении Владиславовне,биологические науки,2016,http://www.ras.ru/presidium/documents/directions.aspx?ID=6fb46b72-5eb2-4922-b661-9e34c8defb45,f
Пышному Дмитрию Владимировичу,биологические науки,2016,http://www.ras.ru/presidium/documents/directions.aspx?ID=6fb46b72-5eb2-4922-b661-9e34c8defb45,m
Соколовой Ольге Сергеевне,биологические науки,2016,http://www.ras.ru/presidium/documents/directions.aspx?ID=6fb46b72-5eb2-4922-b661-9e34c8defb45,f
Хлесткиной Елене Константиновне,биологические науки,2016,http://www.ras.ru/presidium/documents/directions.aspx?ID=6fb46b72-5eb2-4922-b661-9e34c8defb45,f
Чудакову Дмитрию Михайловичу,биологические науки,2016,http://www.ras.ru/presidium/documents/directions.aspx?ID=6fb46b72-5eb2-4922-b661-9e34c8defb45,m
Шидловскому Юлию Валерьевичу,биологические науки,2016,http://www.ras.ru/presidium/documents/directions.aspx?ID=6fb46b72-5eb2-4922-b661-9e34c8defb45,m
Борычеву Сергею Николаевичу,сельскохозяйственные науки,2016,http://www.ras.ru/presidium/documents/directions.aspx?ID=cdd2a26e-2e76-4305-be3b-af4ecce17448,m
Вафину Рамилю Ришадовичу,сельскохозяйственные науки,2016,http://www.ras.ru/presidium/documents/directions.aspx?ID=cdd2a26e-2e76-4305-be3b-af4ecce17448,m
Волковой Наталье Александровне,сельскохозяйственные науки,2016,http://www.ras.ru/presidium/documents/directions.aspx?ID=cdd2a26e-2e76-4305-be3b-af4ecce17448,f
Галстяну Араму Генриховичу,сельскохозяйственные науки,2016,http://www.ras.ru/presidium/documents/directions.aspx?ID=cdd2a26e-2e76-4305-be3b-af4ecce17448,m
Гинсу Мурату Сабировичу,сельскохозяйственные науки,2016,http://www.ras.ru/presidium/documents/directions.aspx?ID=cdd2a26e-2e76-4305-be3b-af4ecce17448,m
Горобей Ирине Михайловне,сельскохозяйственные науки,2016,http://www.ras.ru/presidium/documents/directions.aspx?ID=cdd2a26e-2e76-4305-be3b-af4ecce17448,f
Гребенниковой Татьяне Владимировне,сельскохозяйственные науки,2016,http://www.ras.ru/presidium/documents/directions.aspx?ID=cdd2a26e-2e76-4305-be3b-af4ecce17448,f
Дедовой Эльвире Батыревне,сельскохозяйственные науки,2016,http://www.ras.ru/presidium/documents/directions.aspx?ID=cdd2a26e-2e76-4305-be3b-af4ecce17448,f
Дубовику Дмитрию Вячеславовичу,сельскохозяйственные науки,2016,http://www.ras.ru/presidium/documents/directions.aspx?ID=cdd2a26e-2e76-4305-be3b-af4ecce17448,m
Журавлевой Екатерине Васильевне,сельскохозяйственные науки,2016,http://www.ras.ru/presidium/documents/directions.aspx?ID=cdd2a26e-2e76-4305-be3b-af4ecce17448,f
Зиганшину Булату Гусмановичу,сельскохозяйственные науки,2016,http://www.ras.ru/presidium/documents/directions.aspx?ID=cdd2a26e-2e76-4305-be3b-af4ecce17448,m
Зилфикарову Ифрату Назимовичу,сельскохозяйственные науки,2016,http://www.ras.ru/presidium/documents/directions.aspx?ID=cdd2a26e-2e76-4305-be3b-af4ecce17448,m
Иванову Алексею Ивановичу,сельскохозяйственные науки,2016,http://www.ras.ru/presidium/documents/directions.aspx?ID=cdd2a26e-2e76-4305-be3b-af4ecce17448,m
Ивановой Марии Ивановне,сельскохозяйственные науки,2016,http://www.ras.ru/presidium/documents/directions.aspx?ID=cdd2a26e-2e76-4305-be3b-af4ecce17448,f
Ивановой Ольге Валерьевне,сельскохозяйственные науки,2016,http://www.ras.ru/presidium/documents/directions.aspx?ID=cdd2a26e-2e76-4305-be3b-af4ecce17448,f
Карлову Геннадию Ильичу,сельскохозяйственные науки,2016,http://www.ras.ru/presidium/documents/directions.aspx?ID=cdd2a26e-2e76-4305-be3b-af4ecce17448,m
Квочко Андрею Николаевичу,сельскохозяйственные науки,2016,http://www.ras.ru/presidium/documents/directions.aspx?ID=cdd2a26e-2e76-4305-be3b-af4ecce17448,m
Клыкову Алексею Григорьевичу,сельскохозяйственные науки,2016,http://www.ras.ru/presidium/documents/directions.aspx?ID=cdd2a26e-2e76-4305-be3b-af4ecce17448,m
Колбасову Денису Владимировичу,сельскохозяйственные науки,2016,http://www.ras.ru/presidium/documents/directions.aspx?ID=cdd2a26e-2e76-4305-be3b-af4ecce17448,m
Колесникову Андрею Викторовичу,сельскохозяйственные науки,2016,http://www.ras.ru/presidium/documents/directions.aspx?ID=cdd2a26e-2e76-4305-be3b-af4ecce17448,m
Кощаеву Андрею Георгиевичу,сельскохозяйственные науки,2016,http://www.ras.ru/presidium/documents/directions.aspx?ID=cdd2a26e-2e76-4305-be3b-af4ecce17448,m
Кулову Аслану Ростиславовичу,сельскохозяйственные науки,2016,http://www.ras.ru/presidium/documents/directions.aspx?ID=cdd2a26e-2e76-4305-be3b-af4ecce17448,m
Малюковой Людмиле Степановне,сельскохозяйственные науки,2016,http://www.ras.ru/presidium/documents/directions.aspx?ID=cdd2a26e-2e76-4305-be3b-af4ecce17448,f
Масловой Владе Вячеславовне,сельскохозяйственные науки,2016,http://www.ras.ru/presidium/documents/directions.aspx?ID=cdd2a26e-2e76-4305-be3b-af4ecce17448,f
Машенцевой Наталье Геннадьевне,сельскохозяйственные науки,2016,http://www.ras.ru/presidium/documents/directions.aspx?ID=cdd2a26e-2e76-4305-be3b-af4ecce17448,f
Мирошникову Сергею Александровичу,сельскохозяйственные науки,2016,http://www.ras.ru/presidium/documents/directions.aspx?ID=cdd2a26e-2e76-4305-be3b-af4ecce17448,m
Надежкину Сергею Михайловичу,сельскохозяйственные науки,2016,http://www.ras.ru/presidium/documents/directions.aspx?ID=cdd2a26e-2e76-4305-be3b-af4ecce17448,m
Панову Алексею Валерьевичу,сельскохозяйственные науки,2016,http://www.ras.ru/presidium/documents/directions.aspx?ID=cdd2a26e-2e76-4305-be3b-af4ecce17448,m
Пименову Николаю Васильевичу,сельскохозяйственные науки,2016,http://www.ras.ru/presidium/documents/directions.aspx?ID=cdd2a26e-2e76-4305-be3b-af4ecce17448,m
Племяшову Кириллу Владимировичу,сельскохозяйственные науки,2016,http://www.ras.ru/presidium/documents/directions.aspx?ID=cdd2a26e-2e76-4305-be3b-af4ecce17448,m
Просекову Александру Юрьевичу,сельскохозяйственные науки,2016,http://www.ras.ru/presidium/documents/directions.aspx?ID=cdd2a26e-2e76-4305-be3b-af4ecce17448,m
Прянишникову Александру Ивановичу,сельскохозяйственные науки,2016,http://www.ras.ru/presidium/documents/directions.aspx?ID=cdd2a26e-2e76-4305-be3b-af4ecce17448,m
Романенкову Владимиру Аркадьевичу,сельскохозяйственные науки,2016,http://www.ras.ru/presidium/documents/directions.aspx?ID=cdd2a26e-2e76-4305-be3b-af4ecce17448,m
Ростовцеву Роману Анатольевичу,сельскохозяйственные науки,2016,http://www.ras.ru/presidium/documents/directions.aspx?ID=cdd2a26e-2e76-4305-be3b-af4ecce17448,m
Салеевой Ирине Павловне,сельскохозяйственные науки,2016,http://www.ras.ru/presidium/documents/directions.aspx?ID=cdd2a26e-2e76-4305-be3b-af4ecce17448,f
Селионовой Марине Ивановне,сельскохозяйственные науки,2016,http://www.ras.ru/presidium/documents/directions.aspx?ID=cdd2a26e-2e76-4305-be3b-af4ecce17448,f
Серба Елене Михайловне,сельскохозяйственные науки,2016,http://www.ras.ru/presidium/documents/directions.aspx?ID=cdd2a26e-2e76-4305-be3b-af4ecce17448,f
Сложенкиной Марине Ивановне,сельскохозяйственные науки,2016,http://www.ras.ru/presidium/documents/directions.aspx?ID=cdd2a26e-2e76-4305-be3b-af4ecce17448,f
Соловьеву Александру Александровичу,сельскохозяйственные науки,2016,http://www.ras.ru/presidium/documents/directions.aspx?ID=cdd2a26e-2e76-4305-be3b-af4ecce17448,m
Староверову Сергею Александровичу,сельскохозяйственные науки,2016,http://www.ras.ru/presidium/documents/directions.aspx?ID=cdd2a26e-2e76-4305-be3b-af4ecce17448,m
Телегиной Жанне Анатольевне,сельскохозяйственные науки,2016,http://www.ras.ru/presidium/documents/directions.aspx?ID=cdd2a26e-2e76-4305-be3b-af4ecce17448,f
Тихомирову Дмитрию Анатольевичу,сельскохозяйственные науки,2016,http://www.ras.ru/presidium/documents/directions.aspx?ID=cdd2a26e-2e76-4305-be3b-af4ecce17448,m
Тютюма Наталье Владимировне,сельскохозяйственные науки,2016,http://www.ras.ru/presidium/documents/directions.aspx?ID=cdd2a26e-2e76-4305-be3b-af4ecce17448,f
Упадышеву Михаилу Тарьевичу,сельскохозяйственные науки,2016,http://www.ras.ru/presidium/documents/directions.aspx?ID=cdd2a26e-2e76-4305-be3b-af4ecce17448,m
Харитонову Дмитрию Владимировичу,сельскохозяйственные науки,2016,http://www.ras.ru/presidium/documents/directions.aspx?ID=cdd2a26e-2e76-4305-be3b-af4ecce17448,m
Шамсутдинову Нариману Зебриевичу,сельскохозяйственные науки,2016,http://www.ras.ru/presidium/documents/directions.aspx?ID=cdd2a26e-2e76-4305-be3b-af4ecce17448,m
Шаровой Наталье Юрьевне,сельскохозяйственные науки,2016,http://www.ras.ru/presidium/documents/directions.aspx?ID=cdd2a26e-2e76-4305-be3b-af4ecce17448,f
Шилову Илье Александровичу,сельскохозяйственные науки,2016,http://www.ras.ru/presidium/documents/directions.aspx?ID=cdd2a26e-2e76-4305-be3b-af4ecce17448,m
Янбых Ренате Геннадьевне,сельскохозяйственные науки,2016,http://www.ras.ru/presidium/documents/directions.aspx?ID=cdd2a26e-2e76-4305-be3b-af4ecce17448,f
Андриевской Ирине Анатольевне,медицинские науки,2016,http://www.ras.ru/presidium/documents/directions.aspx?ID=1eba05e5-e5fe-46f3-bd05-19e0908cdcab,f
Бельцевичу Дмитрию Германовичу,медицинские науки,2016,http://www.ras.ru/presidium/documents/directions.aspx?ID=1eba05e5-e5fe-46f3-bd05-19e0908cdcab,m
Беляевой Ирине Анатольевне,медицинские науки,2016,http://www.ras.ru/presidium/documents/directions.aspx?ID=1eba05e5-e5fe-46f3-bd05-19e0908cdcab,f
Бицадзе Виктории Омаровне,медицинские науки,2016,http://www.ras.ru/presidium/documents/directions.aspx?ID=1eba05e5-e5fe-46f3-bd05-19e0908cdcab,f
Винярской Ирине Валериевне,медицинские науки,2016,http://www.ras.ru/presidium/documents/directions.aspx?ID=1eba05e5-e5fe-46f3-bd05-19e0908cdcab,f
Виткиной Татьяне Исааковне,медицинские науки,2016,http://www.ras.ru/presidium/documents/directions.aspx?ID=1eba05e5-e5fe-46f3-bd05-19e0908cdcab,f
Воронцову Александру Валерьевичу,медицинские науки,2016,http://www.ras.ru/presidium/documents/directions.aspx?ID=1eba05e5-e5fe-46f3-bd05-19e0908cdcab,m
Галагудзе Михаилу Михайловичу,медицинские науки,2016,http://www.ras.ru/presidium/documents/directions.aspx?ID=1eba05e5-e5fe-46f3-bd05-19e0908cdcab,m
Гвозденко Татьяне Александровне,медицинские науки,2016,http://www.ras.ru/presidium/documents/directions.aspx?ID=1eba05e5-e5fe-46f3-bd05-19e0908cdcab,f
Гречко Андрею Вячеславовичу,медицинские науки,2016,http://www.ras.ru/presidium/documents/directions.aspx?ID=1eba05e5-e5fe-46f3-bd05-19e0908cdcab,m
Григорьеву Евгению Валерьевичу,медицинские науки,2016,http://www.ras.ru/presidium/documents/directions.aspx?ID=1eba05e5-e5fe-46f3-bd05-19e0908cdcab,m
Гуревичу Константину Георгиевичу,медицинские науки,2016,http://www.ras.ru/presidium/documents/directions.aspx?ID=1eba05e5-e5fe-46f3-bd05-19e0908cdcab,m
Гуриной Ольге Ивановне,медицинские науки,2016,http://www.ras.ru/presidium/documents/directions.aspx?ID=1eba05e5-e5fe-46f3-bd05-19e0908cdcab,f
Гуще Артему Олеговичу,медицинские науки,2016,http://www.ras.ru/presidium/documents/directions.aspx?ID=1eba05e5-e5fe-46f3-bd05-19e0908cdcab,m
Дмитриеву Александру Валентиновичу,медицинские науки,2016,http://www.ras.ru/presidium/documents/directions.aspx?ID=1eba05e5-e5fe-46f3-bd05-19e0908cdcab,m
Згоде Виктору Гавриловичу,медицинские науки,2016,http://www.ras.ru/presidium/documents/directions.aspx?ID=1eba05e5-e5fe-46f3-bd05-19e0908cdcab,m
Золотухину Игорю Анатольевичу,медицинские науки,2016,http://www.ras.ru/presidium/documents/directions.aspx?ID=1eba05e5-e5fe-46f3-bd05-19e0908cdcab,m
Зыкову Кириллу Алексеевичу,медицинские науки,2016,http://www.ras.ru/presidium/documents/directions.aspx?ID=1eba05e5-e5fe-46f3-bd05-19e0908cdcab,m
Зюзькову Глебу Николаевичу,медицинские науки,2016,http://www.ras.ru/presidium/documents/directions.aspx?ID=1eba05e5-e5fe-46f3-bd05-19e0908cdcab,m
Игнатко Ирине Владимировне,медицинские науки,2016,http://www.ras.ru/presidium/documents/directions.aspx?ID=1eba05e5-e5fe-46f3-bd05-19e0908cdcab,f
Ильиной Елене Николаевне,медицинские науки,2016,http://www.ras.ru/presidium/documents/directions.aspx?ID=1eba05e5-e5fe-46f3-bd05-19e0908cdcab,f
Калашникову Виктору Юрьевичу,медицинские науки,2016,http://www.ras.ru/presidium/documents/directions.aspx?ID=1eba05e5-e5fe-46f3-bd05-19e0908cdcab,m
Климонтову Вадиму Валерьевичу,медицинские науки,2016,http://www.ras.ru/presidium/documents/directions.aspx?ID=1eba05e5-e5fe-46f3-bd05-19e0908cdcab,m
Ковалевскому Евгению Вильевичу,медицинские науки,2016,http://www.ras.ru/presidium/documents/directions.aspx?ID=1eba05e5-e5fe-46f3-bd05-19e0908cdcab,m
Козаченко Андрею Владимировичу,медицинские науки,2016,http://www.ras.ru/presidium/documents/directions.aspx?ID=1eba05e5-e5fe-46f3-bd05-19e0908cdcab,m
Конради Александре Олеговне,медицинские науки,2016,http://www.ras.ru/presidium/documents/directions.aspx?ID=1eba05e5-e5fe-46f3-bd05-19e0908cdcab,f
Коржевскому Дмитрию Эдуардовичу,медицинские науки,2016,http://www.ras.ru/presidium/documents/directions.aspx?ID=1eba05e5-e5fe-46f3-bd05-19e0908cdcab,m
Кузнецову Максиму Робертовичу,медицинские науки,2016,http://www.ras.ru/presidium/documents/directions.aspx?ID=1eba05e5-e5fe-46f3-bd05-19e0908cdcab,m
Куличенко Татьяне Владимировне,медицинские науки,2016,http://www.ras.ru/presidium/documents/directions.aspx?ID=1eba05e5-e5fe-46f3-bd05-19e0908cdcab,f
Кюрегяну Карену Кареновичу,медицинские науки,2016,http://www.ras.ru/presidium/documents/directions.aspx?ID=1eba05e5-e5fe-46f3-bd05-19e0908cdcab,m
Лагарьковой Марии Андреевне,медицинские науки,2016,http://www.ras.ru/presidium/documents/directions.aspx?ID=1eba05e5-e5fe-46f3-bd05-19e0908cdcab,f
Лахману Олегу Леонидовичу,медицинские науки,2016,http://www.ras.ru/presidium/documents/directions.aspx?ID=1eba05e5-e5fe-46f3-bd05-19e0908cdcab,m
Лебедеву Дмитрию Сергеевичу,медицинские науки,2016,http://www.ras.ru/presidium/documents/directions.aspx?ID=1eba05e5-e5fe-46f3-bd05-19e0908cdcab,m
Лебедеву Игорю Николаевичу,медицинские науки,2016,http://www.ras.ru/presidium/documents/directions.aspx?ID=1eba05e5-e5fe-46f3-bd05-19e0908cdcab,m
Лукашеву Александру Николаевичу,медицинские науки,2016,http://www.ras.ru/presidium/documents/directions.aspx?ID=1eba05e5-e5fe-46f3-bd05-19e0908cdcab,m
Маянскому Николаю Андреевичу,медицинские науки,2016,http://www.ras.ru/presidium/documents/directions.aspx?ID=1eba05e5-e5fe-46f3-bd05-19e0908cdcab,m
Мовсесяну Рубену Рудольфовичу,медицинские науки,2016,http://www.ras.ru/presidium/documents/directions.aspx?ID=1eba05e5-e5fe-46f3-bd05-19e0908cdcab,m
Павловой Галине Валериевне,медицинские науки,2016,http://www.ras.ru/presidium/documents/directions.aspx?ID=1eba05e5-e5fe-46f3-bd05-19e0908cdcab,f
Палееву Филиппу Николаевичу,медицинские науки,2016,http://www.ras.ru/presidium/documents/directions.aspx?ID=1eba05e5-e5fe-46f3-bd05-19e0908cdcab,m
Перцову Сергею Сергеевичу,медицинские науки,2016,http://www.ras.ru/presidium/documents/directions.aspx?ID=1eba05e5-e5fe-46f3-bd05-19e0908cdcab,m
Полякову Александру Владимировичу,медицинские науки,2016,http://www.ras.ru/presidium/documents/directions.aspx?ID=1eba05e5-e5fe-46f3-bd05-19e0908cdcab,m
Рагино Юлии Игоревне,медицинские науки,2016,http://www.ras.ru/presidium/documents/directions.aspx?ID=1eba05e5-e5fe-46f3-bd05-19e0908cdcab,f
Румянцеву Сергею Александровичу,медицинские науки,2016,http://www.ras.ru/presidium/documents/directions.aspx?ID=1eba05e5-e5fe-46f3-bd05-19e0908cdcab,m
Рычковой Любови Владимировне,медицинские науки,2016,http://www.ras.ru/presidium/documents/directions.aspx?ID=1eba05e5-e5fe-46f3-bd05-19e0908cdcab,f
Сажину Александру Вячеславовичу,медицинские науки,2016,http://www.ras.ru/presidium/documents/directions.aspx?ID=1eba05e5-e5fe-46f3-bd05-19e0908cdcab,m
Старцевой Жанне Александровне,медицинские науки,2016,http://www.ras.ru/presidium/documents/directions.aspx?ID=1eba05e5-e5fe-46f3-bd05-19e0908cdcab,f
Строковой Татьяне Викторовне,медицинские науки,2016,http://www.ras.ru/presidium/documents/directions.aspx?ID=1eba05e5-e5fe-46f3-bd05-19e0908cdcab,f
Сычеву Дмитрию Алексеевичу,медицинские науки,2016,http://www.ras.ru/presidium/documents/directions.aspx?ID=1eba05e5-e5fe-46f3-bd05-19e0908cdcab,m
Трошиной Екатерине Анатольевне,медицинские науки,2016,http://www.ras.ru/presidium/documents/directions.aspx?ID=1eba05e5-e5fe-46f3-bd05-19e0908cdcab,f
Удут Елене Владимировне,медицинские науки,2016,http://www.ras.ru/presidium/documents/directions.aspx?ID=1eba05e5-e5fe-46f3-bd05-19e0908cdcab,f
Фадееву Валентину Викторовичу,медицинские науки,2016,http://www.ras.ru/presidium/documents/directions.aspx?ID=1eba05e5-e5fe-46f3-bd05-19e0908cdcab,m
Хоробрых Татьяне Витальевне,медицинские науки,2016,http://www.ras.ru/presidium/documents/directions.aspx?ID=1eba05e5-e5fe-46f3-bd05-19e0908cdcab,f
Шаробаро Валентину Ильичу,медицинские науки,2016,http://www.ras.ru/presidium/documents/directions.aspx?ID=1eba05e5-e5fe-46f3-bd05-19e0908cdcab,m
Шевченко Алексею Олеговичу,медицинские науки,2016,http://www.ras.ru/presidium/documents/directions.aspx?ID=1eba05e5-e5fe-46f3-bd05-19e0908cdcab,m
Шурыгиной Ирине Александровне,медицинские науки,2016,http://www.ras.ru/presidium/documents/directions.aspx?ID=1eba05e5-e5fe-46f3-bd05-19e0908cdcab,f
Щекотихину Андрею Егоровичу,медицинские науки,2016,http://www.ras.ru/presidium/documents/directions.aspx?ID=1eba05e5-e5fe-46f3-bd05-19e0908cdcab,m
Аветисяну Арутюну Ишхановичу,математические науки,2016,http://www.ras.ru/presidium/documents/directions.aspx?ID=5b6c4f50-c81d-446a-bb86-4dd619ce9507,m
Баранову Антону Дмитриевичу,математические науки,2016,http://www.ras.ru/presidium/documents/directions.aspx?ID=5b6c4f50-c81d-446a-bb86-4dd619ce9507,m
Богатыреву Андрею Борисовичу,математические науки,2016,http://www.ras.ru/presidium/documents/directions.aspx?ID=5b6c4f50-c81d-446a-bb86-4dd619ce9507,m
Бондарко Михаилу Владимировичу,математические науки,2016,http://www.ras.ru/presidium/documents/directions.aspx?ID=5b6c4f50-c81d-446a-bb86-4dd619ce9507,m
Борисову Денису Ивановичу,математические науки,2016,http://www.ras.ru/presidium/documents/directions.aspx?ID=5b6c4f50-c81d-446a-bb86-4dd619ce9507,m
Буфетову Александру Игоревичу,математические науки,2016,http://www.ras.ru/presidium/documents/directions.aspx?ID=5b6c4f50-c81d-446a-bb86-4dd619ce9507,m
Васильеву Андрею Викторовичу,математические науки,2016,http://www.ras.ru/presidium/documents/directions.aspx?ID=5b6c4f50-c81d-446a-bb86-4dd619ce9507,m
Василевскому Юрию Викторовичу,математические науки,2016,http://www.ras.ru/presidium/documents/directions.aspx?ID=5b6c4f50-c81d-446a-bb86-4dd619ce9507,m
Вдовину Евгению Петровичу,математические науки,2016,http://www.ras.ru/presidium/documents/directions.aspx?ID=5b6c4f50-c81d-446a-bb86-4dd619ce9507,m
Воронцову Константину Вячеславовичу,математические науки,2016,http://www.ras.ru/presidium/documents/directions.aspx?ID=5b6c4f50-c81d-446a-bb86-4dd619ce9507,m
Всемирнову Максиму Александровичу,математические науки,2016,http://www.ras.ru/presidium/documents/directions.aspx?ID=5b6c4f50-c81d-446a-bb86-4dd619ce9507,m
Гаранже Владимиру Анатольевичу,математические науки,2016,http://www.ras.ru/presidium/documents/directions.aspx?ID=5b6c4f50-c81d-446a-bb86-4dd619ce9507,m
Дынникову Ивану Алексеевичу,математические науки,2016,http://www.ras.ru/presidium/documents/directions.aspx?ID=5b6c4f50-c81d-446a-bb86-4dd619ce9507,m
Дьяконову Александру Геннадьевичу,математические науки,2016,http://www.ras.ru/presidium/documents/directions.aspx?ID=5b6c4f50-c81d-446a-bb86-4dd619ce9507,m
Калимуллину Искандеру Шагитовичу,математические науки,2016,http://www.ras.ru/presidium/documents/directions.aspx?ID=5b6c4f50-c81d-446a-bb86-4dd619ce9507,m
Козыреву Сергею Владимировичу,математические науки,2016,http://www.ras.ru/presidium/documents/directions.aspx?ID=5b6c4f50-c81d-446a-bb86-4dd619ce9507,m
Колесникову Павлу Сергеевичу,математические науки,2016,http://www.ras.ru/presidium/documents/directions.aspx?ID=5b6c4f50-c81d-446a-bb86-4dd619ce9507,m
Кротову Денису Станиславовичу,математические науки,2016,http://www.ras.ru/presidium/documents/directions.aspx?ID=5b6c4f50-c81d-446a-bb86-4dd619ce9507,m
Кузнецову Александру Геннадьевичу,математические науки,2016,http://www.ras.ru/presidium/documents/directions.aspx?ID=5b6c4f50-c81d-446a-bb86-4dd619ce9507,m
Лазаревой Галине Геннадьевне,математические науки,2016,http://www.ras.ru/presidium/documents/directions.aspx?ID=5b6c4f50-c81d-446a-bb86-4dd619ce9507,f
Лукоянову Николаю Юрьевичу,математические науки,2016,http://www.ras.ru/presidium/documents/directions.aspx?ID=5b6c4f50-c81d-446a-bb86-4dd619ce9507,m
Мальцеву Андрею Яковлевичу,математические науки,2016,http://www.ras.ru/presidium/documents/directions.aspx?ID=5b6c4f50-c81d-446a-bb86-4dd619ce9507,m
Малютину Андрею Валерьевичу,математические науки,2016,http://www.ras.ru/presidium/documents/directions.aspx?ID=5b6c4f50-c81d-446a-bb86-4dd619ce9507,m
Мантурову Василию Олеговичу,математические науки,2016,http://www.ras.ru/presidium/documents/directions.aspx?ID=5b6c4f50-c81d-446a-bb86-4dd619ce9507,m
Михайлову Роману Валерьевичу,математические науки,2016,http://www.ras.ru/presidium/documents/directions.aspx?ID=5b6c4f50-c81d-446a-bb86-4dd619ce9507,m
Моисееву Тихону Евгеньевичу,математические науки,2016,http://www.ras.ru/presidium/documents/directions.aspx?ID=5b6c4f50-c81d-446a-bb86-4dd619ce9507,m
Назаренко Антону Герасимовичу,математические науки,2016,http://www.ras.ru/presidium/documents/directions.aspx?ID=5b6c4f50-c81d-446a-bb86-4dd619ce9507,m
Нигматулиной Кариме Робертовне,математические науки,2016,http://www.ras.ru/presidium/documents/directions.aspx?ID=5b6c4f50-c81d-446a-bb86-4dd619ce9507,f
Падучих Дмитрию Викторовичу,математические науки,2016,http://www.ras.ru/presidium/documents/directions.aspx?ID=5b6c4f50-c81d-446a-bb86-4dd619ce9507,m
Печеню Александру Николаевичу,математические науки,2016,http://www.ras.ru/presidium/documents/directions.aspx?ID=5b6c4f50-c81d-446a-bb86-4dd619ce9507,m
Протасову Владимиру Юрьевичу,математические науки,2016,http://www.ras.ru/presidium/documents/directions.aspx?ID=5b6c4f50-c81d-446a-bb86-4dd619ce9507,m
Тюрину Николаю Андреевичу,математические науки,2016,http://www.ras.ru/presidium/documents/directions.aspx?ID=5b6c4f50-c81d-446a-bb86-4dd619ce9507,m
Устинову Алексею Владимировичу,математические науки,2016,http://www.ras.ru/presidium/documents/directions.aspx?ID=5b6c4f50-c81d-446a-bb86-4dd619ce9507,m
Хачаю Михаилу Юрьевичу,математические науки,2016,http://www.ras.ru/presidium/documents/directions.aspx?ID=5b6c4f50-c81d-446a-bb86-4dd619ce9507,m
Широкову Максиму Евгеньевичу,математические науки,2016,http://www.ras.ru/presidium/documents/directions.aspx?ID=5b6c4f50-c81d-446a-bb86-4dd619ce9507,m
Шкредову Илье Дмитриевичу,математические науки,2016,http://www.ras.ru/presidium/documents/directions.aspx?ID=5b6c4f50-c81d-446a-bb86-4dd619ce9507,m
Бардину Борису Сабировичу,"энергетики, машиностроения, механики и процессов управления",2016,http://www.ras.ru/presidium/documents/directions.aspx?id=eb4970c0-38e7-434d-86aa-c38d6f806423&mlid=eb4970c0-38e7-434d-86aa-c38d6f806423,m
Бойко Андрею Владиславовичу,"энергетики, машиностроения, механики и процессов управления",2016,http://www.ras.ru/presidium/documents/directions.aspx?id=eb4970c0-38e7-434d-86aa-c38d6f806423&mlid=eb4970c0-38e7-434d-86aa-c38d6f806423,m
Большакову Александру Михайловичу,"энергетики, машиностроения, механики и процессов управления",2016,http://www.ras.ru/presidium/documents/directions.aspx?id=eb4970c0-38e7-434d-86aa-c38d6f806423&mlid=eb4970c0-38e7-434d-86aa-c38d6f806423,m
Визильтеру Юрию Валентиновичу,"энергетики, машиностроения, механики и процессов управления",2016,http://www.ras.ru/presidium/documents/directions.aspx?id=eb4970c0-38e7-434d-86aa-c38d6f806423&mlid=eb4970c0-38e7-434d-86aa-c38d6f806423,m
Галяеву Андрею Алексеевичу,"энергетики, машиностроения, механики и процессов управления",2016,http://www.ras.ru/presidium/documents/directions.aspx?id=eb4970c0-38e7-434d-86aa-c38d6f806423&mlid=eb4970c0-38e7-434d-86aa-c38d6f806423,m
Георгиевскому Дмитрию Владимировичу,"энергетики, машиностроения, механики и процессов управления",2016,http://www.ras.ru/presidium/documents/directions.aspx?id=eb4970c0-38e7-434d-86aa-c38d6f806423&mlid=eb4970c0-38e7-434d-86aa-c38d6f806423,m
Головину Сергею Валерьевичу,"энергетики, машиностроения, механики и процессов управления",2016,http://www.ras.ru/presidium/documents/directions.aspx?id=eb4970c0-38e7-434d-86aa-c38d6f806423&mlid=eb4970c0-38e7-434d-86aa-c38d6f806423,m
Губко Михаилу Владимировичу,"энергетики, машиностроения, механики и процессов управления",2016,http://www.ras.ru/presidium/documents/directions.aspx?id=eb4970c0-38e7-434d-86aa-c38d6f806423&mlid=eb4970c0-38e7-434d-86aa-c38d6f806423,m
Ермолову Ивану Леонидовичу,"энергетики, машиностроения, механики и процессов управления",2016,http://www.ras.ru/presidium/documents/directions.aspx?id=eb4970c0-38e7-434d-86aa-c38d6f806423&mlid=eb4970c0-38e7-434d-86aa-c38d6f806423,m
Зегжде Дмитрию Петровичу,"энергетики, машиностроения, механики и процессов управления",2016,http://www.ras.ru/presidium/documents/directions.aspx?id=eb4970c0-38e7-434d-86aa-c38d6f806423&mlid=eb4970c0-38e7-434d-86aa-c38d6f806423,m
Зубареву Николаю Михайловичу,"энергетики, машиностроения, механики и процессов управления",2016,http://www.ras.ru/presidium/documents/directions.aspx?id=eb4970c0-38e7-434d-86aa-c38d6f806423&mlid=eb4970c0-38e7-434d-86aa-c38d6f806423,m
Косьянчуку Владиславу Викторовичу,"энергетики, машиностроения, механики и процессов управления",2016,http://www.ras.ru/presidium/documents/directions.aspx?id=eb4970c0-38e7-434d-86aa-c38d6f806423&mlid=eb4970c0-38e7-434d-86aa-c38d6f806423,m
Кривцову Антону-Иржи Мирославовичу,"энергетики, машиностроения, механики и процессов управления",2016,http://www.ras.ru/presidium/documents/directions.aspx?id=eb4970c0-38e7-434d-86aa-c38d6f806423&mlid=eb4970c0-38e7-434d-86aa-c38d6f806423,m
Кустовой Елене Владимировне,"энергетики, машиностроения, механики и процессов управления",2016,http://www.ras.ru/presidium/documents/directions.aspx?id=eb4970c0-38e7-434d-86aa-c38d6f806423&mlid=eb4970c0-38e7-434d-86aa-c38d6f806423,f
Марчуку Игорю Владимировичу,"энергетики, машиностроения, механики и процессов управления",2016,http://www.ras.ru/presidium/documents/directions.aspx?id=eb4970c0-38e7-434d-86aa-c38d6f806423&mlid=eb4970c0-38e7-434d-86aa-c38d6f806423,m
Медведскому Александру Леонидовичу,"энергетики, машиностроения, механики и процессов управления",2016,http://www.ras.ru/presidium/documents/directions.aspx?id=eb4970c0-38e7-434d-86aa-c38d6f806423&mlid=eb4970c0-38e7-434d-86aa-c38d6f806423,m
Назолину Андрею Леонидовичу,"энергетики, машиностроения, механики и процессов управления",2016,http://www.ras.ru/presidium/documents/directions.aspx?id=eb4970c0-38e7-434d-86aa-c38d6f806423&mlid=eb4970c0-38e7-434d-86aa-c38d6f806423,m
Наумову Игорю Владимировичу,"энергетики, машиностроения, механики и процессов управления",2016,http://www.ras.ru/presidium/documents/directions.aspx?id=eb4970c0-38e7-434d-86aa-c38d6f806423&mlid=eb4970c0-38e7-434d-86aa-c38d6f806423,m
Нигматулину Тагиру Робертовичу,"энергетики, машиностроения, механики и процессов управления",2016,http://www.ras.ru/presidium/documents/directions.aspx?id=eb4970c0-38e7-434d-86aa-c38d6f806423&mlid=eb4970c0-38e7-434d-86aa-c38d6f806423,m
ученая степень PhD,"энергетики, машиностроения, механики и процессов управления",2016,http://www.ras.ru/presidium/documents/directions.aspx?id=eb4970c0-38e7-434d-86aa-c38d6f806423&mlid=eb4970c0-38e7-434d-86aa-c38d6f806423,m
Панину Сергею Викторовичу,"энергетики, машиностроения, механики и процессов управления",2016,http://www.ras.ru/presidium/documents/directions.aspx?id=eb4970c0-38e7-434d-86aa-c38d6f806423&mlid=eb4970c0-38e7-434d-86aa-c38d6f806423,m
Пахомову Максиму Александровичу,"энергетики, машиностроения, механики и процессов управления",2016,http://www.ras.ru/presidium/documents/directions.aspx?id=eb4970c0-38e7-434d-86aa-c38d6f806423&mlid=eb4970c0-38e7-434d-86aa-c38d6f806423,m
Плехову Олегу Анатольевичу,"энергетики, машиностроения, механики и процессов управления",2016,http://www.ras.ru/presidium/documents/directions.aspx?id=eb4970c0-38e7-434d-86aa-c38d6f806423&mlid=eb4970c0-38e7-434d-86aa-c38d6f806423,m
Решмину Сергею Александровичу,"энергетики, машиностроения, механики и процессов управления",2016,http://www.ras.ru/presidium/documents/directions.aspx?id=eb4970c0-38e7-434d-86aa-c38d6f806423&mlid=eb4970c0-38e7-434d-86aa-c38d6f806423,m
Сергееву Виталию Владимировичу,"энергетики, машиностроения, механики и процессов управления",2016,http://www.ras.ru/presidium/documents/directions.aspx?id=eb4970c0-38e7-434d-86aa-c38d6f806423&mlid=eb4970c0-38e7-434d-86aa-c38d6f806423,m
Степанову Родиону Александровичу,"энергетики, машиностроения, механики и процессов управления",2016,http://www.ras.ru/presidium/documents/directions.aspx?id=eb4970c0-38e7-434d-86aa-c38d6f806423&mlid=eb4970c0-38e7-434d-86aa-c38d6f806423,m
Сыпало Кириллу Ивановичу,"энергетики, машиностроения, механики и процессов управления",2016,http://www.ras.ru/presidium/documents/directions.aspx?id=eb4970c0-38e7-434d-86aa-c38d6f806423&mlid=eb4970c0-38e7-434d-86aa-c38d6f806423,m
Терехову Владимиру Викторовичу,"энергетики, машиностроения, механики и процессов управления",2016,http://www.ras.ru/presidium/documents/directions.aspx?id=eb4970c0-38e7-434d-86aa-c38d6f806423&mlid=eb4970c0-38e7-434d-86aa-c38d6f806423,m
Торской Елене Владимировне,"энергетики, машиностроения, механики и процессов управления",2016,http://www.ras.ru/presidium/documents/directions.aspx?id=eb4970c0-38e7-434d-86aa-c38d6f806423&mlid=eb4970c0-38e7-434d-86aa-c38d6f806423,f
Хлебникову Михаилу Владимировичу,"энергетики, машиностроения, механики и процессов управления",2016,http://www.ras.ru/presidium/documents/directions.aspx?id=eb4970c0-38e7-434d-86aa-c38d6f806423&mlid=eb4970c0-38e7-434d-86aa-c38d6f806423,m
Чернову Андрею Александровичу,"энергетики, машиностроения, механики и процессов управления",2016,http://www.ras.ru/presidium/documents/directions.aspx?id=eb4970c0-38e7-434d-86aa-c38d6f806423&mlid=eb4970c0-38e7-434d-86aa-c38d6f806423,m
Белоусову Всеволоду Вадимовичу,физиологические науки,2016,http://www.ras.ru/presidium/documents/directions.aspx?ID=dc6bdb5b-d7ad-485f-8a0f-d8dd25cadc3c,m
Бондарю Игорю Вечеславовичу,физиологические науки,2016,http://www.ras.ru/presidium/documents/directions.aspx?ID=dc6bdb5b-d7ad-485f-8a0f-d8dd25cadc3c,m
Бояринцеву Валерию Владимировичу,физиологические науки,2016,http://www.ras.ru/presidium/documents/directions.aspx?ID=dc6bdb5b-d7ad-485f-8a0f-d8dd25cadc3c,m
Дашковой Ирине Рудольфовне,физиологические науки,2016,http://www.ras.ru/presidium/documents/directions.aspx?ID=dc6bdb5b-d7ad-485f-8a0f-d8dd25cadc3c,f
Дегтяревой Марии Григорьевне,физиологические науки,2016,http://www.ras.ru/presidium/documents/directions.aspx?ID=dc6bdb5b-d7ad-485f-8a0f-d8dd25cadc3c,f
Долгушину Михаилу Борисовичу,физиологические науки,2016,http://www.ras.ru/presidium/documents/directions.aspx?ID=dc6bdb5b-d7ad-485f-8a0f-d8dd25cadc3c,m
Дюйзен Инессе Валерьевне,физиологические науки,2016,http://www.ras.ru/presidium/documents/directions.aspx?ID=dc6bdb5b-d7ad-485f-8a0f-d8dd25cadc3c,f
Загайновой Елене Вадимовне,физиологические науки,2016,http://www.ras.ru/presidium/documents/directions.aspx?ID=dc6bdb5b-d7ad-485f-8a0f-d8dd25cadc3c,f
Имянитову Евгению Наумовичу,физиологические науки,2016,http://www.ras.ru/presidium/documents/directions.aspx?ID=dc6bdb5b-d7ad-485f-8a0f-d8dd25cadc3c,m
Колик Ларисе Геннадьевне,физиологические науки,2016,http://www.ras.ru/presidium/documents/directions.aspx?ID=dc6bdb5b-d7ad-485f-8a0f-d8dd25cadc3c,f
Комаровой Екатерине Федоровне,физиологические науки,2016,http://www.ras.ru/presidium/documents/directions.aspx?ID=dc6bdb5b-d7ad-485f-8a0f-d8dd25cadc3c,f
Кофиади Илье Андреевичу,физиологические науки,2016,http://www.ras.ru/presidium/documents/directions.aspx?ID=dc6bdb5b-d7ad-485f-8a0f-d8dd25cadc3c,m
Малышеву Алексею Юрьевичу,физиологические науки,2016,http://www.ras.ru/presidium/documents/directions.aspx?ID=dc6bdb5b-d7ad-485f-8a0f-d8dd25cadc3c,m
Мацкеплишвили Симону Теймуразовичу,физиологические науки,2016,http://www.ras.ru/presidium/documents/directions.aspx?ID=dc6bdb5b-d7ad-485f-8a0f-d8dd25cadc3c,m
Мусаеву Эльмару Расимовичу,физиологические науки,2016,http://www.ras.ru/presidium/documents/directions.aspx?ID=dc6bdb5b-d7ad-485f-8a0f-d8dd25cadc3c,m
Назарову Виктору Борисовичу,физиологические науки,2016,http://www.ras.ru/presidium/documents/directions.aspx?ID=dc6bdb5b-d7ad-485f-8a0f-d8dd25cadc3c,m
Негребецкому Вадиму Витальевичу,физиологические науки,2016,http://www.ras.ru/presidium/documents/directions.aspx?ID=dc6bdb5b-d7ad-485f-8a0f-d8dd25cadc3c,m
Носову Дмитрию Александровичу,физиологические науки,2016,http://www.ras.ru/presidium/documents/directions.aspx?ID=dc6bdb5b-d7ad-485f-8a0f-d8dd25cadc3c,m
Осипову Андреяну Николаевичу,физиологические науки,2016,http://www.ras.ru/presidium/documents/directions.aspx?ID=dc6bdb5b-d7ad-485f-8a0f-d8dd25cadc3c,m
Пальцевой Екатерине Михайловне,физиологические науки,2016,http://www.ras.ru/presidium/documents/directions.aspx?ID=dc6bdb5b-d7ad-485f-8a0f-d8dd25cadc3c,f
Перуновой Наталье Борисовне,физиологические науки,2016,http://www.ras.ru/presidium/documents/directions.aspx?ID=dc6bdb5b-d7ad-485f-8a0f-d8dd25cadc3c,f
Поляковой Виктории Олеговне,физиологические науки,2016,http://www.ras.ru/presidium/documents/directions.aspx?ID=dc6bdb5b-d7ad-485f-8a0f-d8dd25cadc3c,f
Попа Александру Валентиновичу,физиологические науки,2016,http://www.ras.ru/presidium/documents/directions.aspx?ID=dc6bdb5b-d7ad-485f-8a0f-d8dd25cadc3c,m
Сигалевой Елене Эдуардовне,физиологические науки,2016,http://www.ras.ru/presidium/documents/directions.aspx?ID=dc6bdb5b-d7ad-485f-8a0f-d8dd25cadc3c,f
Трофимову Дмитрию Юрьевичу,физиологические науки,2016,http://www.ras.ru/presidium/documents/directions.aspx?ID=dc6bdb5b-d7ad-485f-8a0f-d8dd25cadc3c,m
Черкасову Сергею Викторовичу,физиологические науки,2016,http://www.ras.ru/presidium/documents/directions.aspx?ID=dc6bdb5b-d7ad-485f-8a0f-d8dd25cadc3c,m
Ярковой Миладе Альнордовне,физиологические науки,2016,http://www.ras.ru/presidium/documents/directions.aspx?ID=dc6bdb5b-d7ad-485f-8a0f-d8dd25cadc3c,f
Арбузову Андрею Борисовичу,физические науки,2016,http://www.ras.ru/presidium/documents/directions.aspx?ID=581b2ae0-f631-4498-a3df-e6fa0ec28947,m
Аушеву Тагиру Абдул-Хамидовичу,физические науки,2016,http://www.ras.ru/presidium/documents/directions.aspx?ID=581b2ae0-f631-4498-a3df-e6fa0ec28947,m
Ачасову Михаилу Николаевичу,физические науки,2016,http://www.ras.ru/presidium/documents/directions.aspx?ID=581b2ae0-f631-4498-a3df-e6fa0ec28947,m
Белотелову Владимиру Игоревичу,физические науки,2016,http://www.ras.ru/presidium/documents/directions.aspx?ID=581b2ae0-f631-4498-a3df-e6fa0ec28947,m
Бережному Александру Викторовичу,физические науки,2016,http://www.ras.ru/presidium/documents/directions.aspx?ID=581b2ae0-f631-4498-a3df-e6fa0ec28947,m
Векслеру Михаилу Исааковичу,физические науки,2016,http://www.ras.ru/presidium/documents/directions.aspx?ID=581b2ae0-f631-4498-a3df-e6fa0ec28947,m
Галажинскому Антону Владимировичу,физические науки,2016,http://www.ras.ru/presidium/documents/directions.aspx?ID=581b2ae0-f631-4498-a3df-e6fa0ec28947,m
Гармашу Алексею Юрьевичу,физические науки,2016,http://www.ras.ru/presidium/documents/directions.aspx?ID=581b2ae0-f631-4498-a3df-e6fa0ec28947,m
ученая степень PhD,физические науки,2016,http://www.ras.ru/presidium/documents/directions.aspx?ID=581b2ae0-f631-4498-a3df-e6fa0ec28947,m
Глазову Михаилу Михайловичу,физические науки,2016,http://www.ras.ru/presidium/documents/directions.aspx?ID=581b2ae0-f631-4498-a3df-e6fa0ec28947,m
Голубу Леониду Евгеньевичу,физические науки,2016,http://www.ras.ru/presidium/documents/directions.aspx?ID=581b2ae0-f631-4498-a3df-e6fa0ec28947,m
Горбунову Дмитрию Сергеевичу,физические науки,2016,http://www.ras.ru/presidium/documents/directions.aspx?ID=581b2ae0-f631-4498-a3df-e6fa0ec28947,m
Горному Игорю Викторовичу,физические науки,2016,http://www.ras.ru/presidium/documents/directions.aspx?ID=581b2ae0-f631-4498-a3df-e6fa0ec28947,m
Григоренко Леониду Валентиновичу,физические науки,2016,http://www.ras.ru/presidium/documents/directions.aspx?ID=581b2ae0-f631-4498-a3df-e6fa0ec28947,m
Девятову Эдуарду Валентиновичу,физические науки,2016,http://www.ras.ru/presidium/documents/directions.aspx?ID=581b2ae0-f631-4498-a3df-e6fa0ec28947,m
Катанину Андрею Александровичу,физические науки,2016,http://www.ras.ru/presidium/documents/directions.aspx?ID=581b2ae0-f631-4498-a3df-e6fa0ec28947,m
Ковалеву Юрию Юрьевичу,физические науки,2016,http://www.ras.ru/presidium/documents/directions.aspx?ID=581b2ae0-f631-4498-a3df-e6fa0ec28947,m
Костюкову Игорю Юрьевичу,физические науки,2016,http://www.ras.ru/presidium/documents/directions.aspx?ID=581b2ae0-f631-4498-a3df-e6fa0ec28947,m
Кулику Леониду Викторовичу,физические науки,2016,http://www.ras.ru/presidium/documents/directions.aspx?ID=581b2ae0-f631-4498-a3df-e6fa0ec28947,m
Ли Роману Николаевичу,физические науки,2016,http://www.ras.ru/presidium/documents/directions.aspx?ID=581b2ae0-f631-4498-a3df-e6fa0ec28947,m
Либанову Максиму Валентиновичу,физические науки,2016,http://www.ras.ru/presidium/documents/directions.aspx?ID=581b2ae0-f631-4498-a3df-e6fa0ec28947,m
Литваку Максиму Леонидовичу,физические науки,2016,http://www.ras.ru/presidium/documents/directions.aspx?ID=581b2ae0-f631-4498-a3df-e6fa0ec28947,m
Мизюку Роману Владимировичу,физические науки,2016,http://www.ras.ru/presidium/documents/directions.aspx?ID=581b2ae0-f631-4498-a3df-e6fa0ec28947,m
Мучному Николаю Юрьевичу,физические науки,2016,http://www.ras.ru/presidium/documents/directions.aspx?ID=581b2ae0-f631-4498-a3df-e6fa0ec28947,m
Некрасову Никите Александровичу,физические науки,2016,http://www.ras.ru/presidium/documents/directions.aspx?ID=581b2ae0-f631-4498-a3df-e6fa0ec28947,m
ученая степень PhD,физические науки,2016,http://www.ras.ru/presidium/documents/directions.aspx?ID=581b2ae0-f631-4498-a3df-e6fa0ec28947,m
Некрасову Игорю Александровичу,физические науки,2016,http://www.ras.ru/presidium/documents/directions.aspx?ID=581b2ae0-f631-4498-a3df-e6fa0ec28947,m
Пескову Николаю Юрьевичу,физические науки,2016,http://www.ras.ru/presidium/documents/directions.aspx?ID=581b2ae0-f631-4498-a3df-e6fa0ec28947,m
Попову Сергею Борисовичу,физические науки,2016,http://www.ras.ru/presidium/documents/directions.aspx?ID=581b2ae0-f631-4498-a3df-e6fa0ec28947,m
Пушкареву Александру Борисовичу,физические науки,2016,http://www.ras.ru/presidium/documents/directions.aspx?ID=581b2ae0-f631-4498-a3df-e6fa0ec28947,m
Пятакову Алексею Павловичу,физические науки,2016,http://www.ras.ru/presidium/documents/directions.aspx?ID=581b2ae0-f631-4498-a3df-e6fa0ec28947,m
Ревнивцеву Михаилу Геннадьевичу,физические науки,2016,http://www.ras.ru/presidium/documents/directions.aspx?ID=581b2ae0-f631-4498-a3df-e6fa0ec28947,m
Рубцову Алексею Николаевичу,физические науки,2016,http://www.ras.ru/presidium/documents/directions.aspx?ID=581b2ae0-f631-4498-a3df-e6fa0ec28947,m
Сазонову Сергею Юрьевичу,физические науки,2016,http://www.ras.ru/presidium/documents/directions.aspx?ID=581b2ae0-f631-4498-a3df-e6fa0ec28947,m
Сачкову Михаилу Евгеньевичу,физические науки,2016,http://www.ras.ru/presidium/documents/directions.aspx?ID=581b2ae0-f631-4498-a3df-e6fa0ec28947,m
Соколовскому Григорию Семеновичу,физические науки,2016,http://www.ras.ru/presidium/documents/directions.aspx?ID=581b2ae0-f631-4498-a3df-e6fa0ec28947,m
Суровцеву Николаю Владимировичу,физические науки,2016,http://www.ras.ru/presidium/documents/directions.aspx?ID=581b2ae0-f631-4498-a3df-e6fa0ec28947,m
Тарасенко Сергею Анатольевичу,физические науки,2016,http://www.ras.ru/presidium/documents/directions.aspx?ID=581b2ae0-f631-4498-a3df-e6fa0ec28947,m
Троицкому Сергею Вадимовичу,физические науки,2016,http://www.ras.ru/presidium/documents/directions.aspx?ID=581b2ae0-f631-4498-a3df-e6fa0ec28947,m
Турлапову Андрею Вадимовичу,физические науки,2016,http://www.ras.ru/presidium/documents/directions.aspx?ID=581b2ae0-f631-4498-a3df-e6fa0ec28947,m
Ширяеву Олегу Борисовичу,физические науки,2016,http://www.ras.ru/presidium/documents/directions.aspx?ID=581b2ae0-f631-4498-a3df-e6fa0ec28947,m
Вилкову Евгению Александровичу,нанотехнологий и информационные технологий,2016,http://www.ras.ru/presidium/documents/directions.aspx?ID=6bfdb923-040d-468c-bad4-d3831bde5faa,m
Дворковичу Александру Викторовичу,нанотехнологий и информационные технологий,2016,http://www.ras.ru/presidium/documents/directions.aspx?ID=6bfdb923-040d-468c-bad4-d3831bde5faa,m
Досколовичу Леониду Леонидовичу,нанотехнологий и информационные технологий,2016,http://www.ras.ru/presidium/documents/directions.aspx?ID=6bfdb923-040d-468c-bad4-d3831bde5faa,m
Иванову Дмитрию Владимировичу,нанотехнологий и информационные технологий,2016,http://www.ras.ru/presidium/documents/directions.aspx?ID=6bfdb923-040d-468c-bad4-d3831bde5faa,m
Кузнецовой Ирен Евгеньевне,нанотехнологий и информационные технологий,2016,http://www.ras.ru/presidium/documents/directions.aspx?ID=6bfdb923-040d-468c-bad4-d3831bde5faa,f
Кузьмину Льву Викторовичу,нанотехнологий и информационные технологий,2016,http://www.ras.ru/presidium/documents/directions.aspx?ID=6bfdb923-040d-468c-bad4-d3831bde5faa,m
Мещерякову Роману Валерьевичу,нанотехнологий и информационные технологий,2016,http://www.ras.ru/presidium/documents/directions.aspx?ID=6bfdb923-040d-468c-bad4-d3831bde5faa,m
Неверову Владимиру Николаевичу,нанотехнологий и информационные технологий,2016,http://www.ras.ru/presidium/documents/directions.aspx?ID=6bfdb923-040d-468c-bad4-d3831bde5faa,m
Прохорову Михаилу Дмитриевичу,нанотехнологий и информационные технологий,2016,http://www.ras.ru/presidium/documents/directions.aspx?ID=6bfdb923-040d-468c-bad4-d3831bde5faa,m
Ронжину Андрею Леонидовичу,нанотехнологий и информационные технологий,2016,http://www.ras.ru/presidium/documents/directions.aspx?ID=6bfdb923-040d-468c-bad4-d3831bde5faa,m
Смирнову Дмитрию Алексеевичу,нанотехнологий и информационные технологий,2016,http://www.ras.ru/presidium/documents/directions.aspx?ID=6bfdb923-040d-468c-bad4-d3831bde5faa,m
Стрельцову Сергею Владимировичу,нанотехнологий и информационные технологий,2016,http://www.ras.ru/presidium/documents/directions.aspx?ID=6bfdb923-040d-468c-bad4-d3831bde5faa,m
Чучевой Галине Викторовне,нанотехнологий и информационные технологий,2016,http://www.ras.ru/presidium/documents/directions.aspx?ID=6bfdb923-040d-468c-bad4-d3831bde5faa,f
Яковлеву Виктору Борисовичу,нанотехнологий и информационные технологий,2016,http://www.ras.ru/presidium/documents/directions.aspx?ID=6bfdb923-040d-468c-bad4-d3831bde5faa,m
Белковой Наталии Викторовне,химии и науки о материалах,2016,http://www.ras.ru/presidium/documents/directions.aspx?ID=2903bbc8-b2e6-408b-aa1e-f5bb94b21869,f
Бобровскому Алексею Юрьевичу,химии и науки о материалах,2016,http://www.ras.ru/presidium/documents/directions.aspx?ID=2903bbc8-b2e6-408b-aa1e-f5bb94b21869,m
Бокач Надежде Арсентьевне,химии и науки о материалах,2016,http://www.ras.ru/presidium/documents/directions.aspx?ID=2903bbc8-b2e6-408b-aa1e-f5bb94b21869,f
Боровкову Всеволоду Игоревичу,химии и науки о материалах,2016,http://www.ras.ru/presidium/documents/directions.aspx?ID=2903bbc8-b2e6-408b-aa1e-f5bb94b21869,m
Братской Светлане Юрьевне,химии и науки о материалах,2016,http://www.ras.ru/presidium/documents/directions.aspx?ID=2903bbc8-b2e6-408b-aa1e-f5bb94b21869,f
Брылякову Константину Петровичу,химии и науки о материалах,2016,http://www.ras.ru/presidium/documents/directions.aspx?ID=2903bbc8-b2e6-408b-aa1e-f5bb94b21869,m
Булатову Андрею Васильевичу,химии и науки о материалах,2016,http://www.ras.ru/presidium/documents/directions.aspx?ID=2903bbc8-b2e6-408b-aa1e-f5bb94b21869,m
Вайнштейну Илье Александровичу,химии и науки о материалах,2016,http://www.ras.ru/presidium/documents/directions.aspx?ID=2903bbc8-b2e6-408b-aa1e-f5bb94b21869,m
Вацадзе Сергею Зурабовичу,химии и науки о материалах,2016,http://www.ras.ru/presidium/documents/directions.aspx?ID=2903bbc8-b2e6-408b-aa1e-f5bb94b21869,m
Волчо Константину Петровичу,химии и науки о материалах,2016,http://www.ras.ru/presidium/documents/directions.aspx?ID=2903bbc8-b2e6-408b-aa1e-f5bb94b21869,m
Воскресенскому Леониду Геннадьевичу,химии и науки о материалах,2016,http://www.ras.ru/presidium/documents/directions.aspx?ID=2903bbc8-b2e6-408b-aa1e-f5bb94b21869,m
Галлямову Марату Олеговичу,химии и науки о материалах,2016,http://www.ras.ru/presidium/documents/directions.aspx?ID=2903bbc8-b2e6-408b-aa1e-f5bb94b21869,m
Горбуновой Юлии Германовне,химии и науки о материалах,2016,http://www.ras.ru/presidium/documents/directions.aspx?ID=2903bbc8-b2e6-408b-aa1e-f5bb94b21869,f
Гуртовенко Андрею Алексеевичу,химии и науки о материалах,2016,http://www.ras.ru/presidium/documents/directions.aspx?ID=2903bbc8-b2e6-408b-aa1e-f5bb94b21869,m
Дильману Александру Давидовичу,химии и науки о материалах,2016,http://www.ras.ru/presidium/documents/directions.aspx?ID=2903bbc8-b2e6-408b-aa1e-f5bb94b21869,m
Дыбцеву Данилу Николаевичу,химии и науки о материалах,2016,http://www.ras.ru/presidium/documents/directions.aspx?ID=2903bbc8-b2e6-408b-aa1e-f5bb94b21869,m
Дьяконову Владимиру Анатольевичу,химии и науки о материалах,2016,http://www.ras.ru/presidium/documents/directions.aspx?ID=2903bbc8-b2e6-408b-aa1e-f5bb94b21869,m
Емельяненко Александру Вячеславовичу,химии и науки о материалах,2016,http://www.ras.ru/presidium/documents/directions.aspx?ID=2903bbc8-b2e6-408b-aa1e-f5bb94b21869,m
Жижину Константину Юрьевичу,химии и науки о материалах,2016,http://www.ras.ru/presidium/documents/directions.aspx?ID=2903bbc8-b2e6-408b-aa1e-f5bb94b21869,m
Иванову Владимиру Константиновичу,химии и науки о материалах,2016,http://www.ras.ru/presidium/documents/directions.aspx?ID=2903bbc8-b2e6-408b-aa1e-f5bb94b21869,m
Иванову Константину Львовичу,химии и науки о материалах,2016,http://www.ras.ru/presidium/documents/directions.aspx?ID=2903bbc8-b2e6-408b-aa1e-f5bb94b21869,m
Калининой Марии Александровне,химии и науки о материалах,2016,http://www.ras.ru/presidium/documents/directions.aspx?ID=2903bbc8-b2e6-408b-aa1e-f5bb94b21869,f
Калмыкову Степану Николаевичу,химии и науки о материалах,2016,http://www.ras.ru/presidium/documents/directions.aspx?ID=2903bbc8-b2e6-408b-aa1e-f5bb94b21869,m
Киршу Василию Александровичу,химии и науки о материалах,2016,http://www.ras.ru/presidium/documents/directions.aspx?ID=2903bbc8-b2e6-408b-aa1e-f5bb94b21869,m
Кискину Михаилу Александровичу,химии и науки о материалах,2016,http://www.ras.ru/presidium/documents/directions.aspx?ID=2903bbc8-b2e6-408b-aa1e-f5bb94b21869,m
Комлеву Владимиру Сергеевичу,химии и науки о материалах,2016,http://www.ras.ru/presidium/documents/directions.aspx?ID=2903bbc8-b2e6-408b-aa1e-f5bb94b21869,m
Крамаренко Елене Юльевне,химии и науки о материалах,2016,http://www.ras.ru/presidium/documents/directions.aspx?ID=2903bbc8-b2e6-408b-aa1e-f5bb94b21869,f
Красавину Михаилу Юрьевичу,химии и науки о материалах,2016,http://www.ras.ru/presidium/documents/directions.aspx?ID=2903bbc8-b2e6-408b-aa1e-f5bb94b21869,m
Краснянскому Михаилу Николаевичу,химии и науки о материалах,2016,http://www.ras.ru/presidium/documents/directions.aspx?ID=2903bbc8-b2e6-408b-aa1e-f5bb94b21869,m
Кудрявцеву Ярославу Викторовичу,химии и науки о материалах,2016,http://www.ras.ru/presidium/documents/directions.aspx?ID=2903bbc8-b2e6-408b-aa1e-f5bb94b21869,m
Кузнецову Алексею Николаевичу,химии и науки о материалах,2016,http://www.ras.ru/presidium/documents/directions.aspx?ID=2903bbc8-b2e6-408b-aa1e-f5bb94b21869,m
Кулику Леониду Викторовичу,химии и науки о материалах,2016,http://www.ras.ru/presidium/documents/directions.aspx?ID=2903bbc8-b2e6-408b-aa1e-f5bb94b21869,m
Кучменко Татьяне Анатольевне,химии и науки о материалах,2016,http://www.ras.ru/presidium/documents/directions.aspx?ID=2903bbc8-b2e6-408b-aa1e-f5bb94b21869,f
Лысенко Константину Александровичу,химии и науки о материалах,2016,http://www.ras.ru/presidium/documents/directions.aspx?ID=2903bbc8-b2e6-408b-aa1e-f5bb94b21869,m
Люлину Сергею Владимировичу,химии и науки о материалах,2016,http://www.ras.ru/presidium/documents/directions.aspx?ID=2903bbc8-b2e6-408b-aa1e-f5bb94b21869,m
Максимову Антону Львовичу,химии и науки о материалах,2016,http://www.ras.ru/presidium/documents/directions.aspx?ID=2903bbc8-b2e6-408b-aa1e-f5bb94b21869,m
Мартьянову Олегу Николаевичу,химии и науки о материалах,2016,http://www.ras.ru/presidium/documents/directions.aspx?ID=2903bbc8-b2e6-408b-aa1e-f5bb94b21869,m
Моргунову Роману Борисовичу,химии и науки о материалах,2016,http://www.ras.ru/presidium/documents/directions.aspx?ID=2903bbc8-b2e6-408b-aa1e-f5bb94b21869,m
Ненайденко Валентину Георгиевичу,химии и науки о материалах,2016,http://www.ras.ru/presidium/documents/directions.aspx?ID=2903bbc8-b2e6-408b-aa1e-f5bb94b21869,m
Нечаеву Михаилу Сергеевичу,химии и науки о материалах,2016,http://www.ras.ru/presidium/documents/directions.aspx?ID=2903bbc8-b2e6-408b-aa1e-f5bb94b21869,m
Новоселовой Алене Владимировне,химии и науки о материалах,2016,http://www.ras.ru/presidium/documents/directions.aspx?ID=2903bbc8-b2e6-408b-aa1e-f5bb94b21869,f
Пискунову Александру Владимировичу,химии и науки о материалах,2016,http://www.ras.ru/presidium/documents/directions.aspx?ID=2903bbc8-b2e6-408b-aa1e-f5bb94b21869,m
Поддельскому Андрею Игоревичу,химии и науки о материалах,2016,http://www.ras.ru/presidium/documents/directions.aspx?ID=2903bbc8-b2e6-408b-aa1e-f5bb94b21869,m
Потемкину Игорю Ивановичу,химии и науки о материалах,2016,http://www.ras.ru/presidium/documents/directions.aspx?ID=2903bbc8-b2e6-408b-aa1e-f5bb94b21869,m
Проскурнину Михаилу Алексеевичу,химии и науки о материалах,2016,http://www.ras.ru/presidium/documents/directions.aspx?ID=2903bbc8-b2e6-408b-aa1e-f5bb94b21869,m
Рамазанову Ильфиру Рифовичу,химии и науки о материалах,2016,http://www.ras.ru/presidium/documents/directions.aspx?ID=2903bbc8-b2e6-408b-aa1e-f5bb94b21869,m
Садовничему Дмитрию Николаевичу,химии и науки о материалах,2016,http://www.ras.ru/presidium/documents/directions.aspx?ID=2903bbc8-b2e6-408b-aa1e-f5bb94b21869,m
Скатовой Александре Анатольевне,химии и науки о материалах,2016,http://www.ras.ru/presidium/documents/directions.aspx?ID=2903bbc8-b2e6-408b-aa1e-f5bb94b21869,f
Соколову Максиму Наильевичу,химии и науки о материалах,2016,http://www.ras.ru/presidium/documents/directions.aspx?ID=2903bbc8-b2e6-408b-aa1e-f5bb94b21869,m
Стениной Ирине Александровне,химии и науки о материалах,2016,http://www.ras.ru/presidium/documents/directions.aspx?ID=2903bbc8-b2e6-408b-aa1e-f5bb94b21869,f
Таран Оксане Павловне,химии и науки о материалах,2016,http://www.ras.ru/presidium/documents/directions.aspx?ID=2903bbc8-b2e6-408b-aa1e-f5bb94b21869,f
Терентьеву Александру Олеговичу,химии и науки о материалах,2016,http://www.ras.ru/presidium/documents/directions.aspx?ID=2903bbc8-b2e6-408b-aa1e-f5bb94b21869,m
Торубаеву Юрию Валентиновичу,химии и науки о материалах,2016,http://www.ras.ru/presidium/documents/directions.aspx?ID=2903bbc8-b2e6-408b-aa1e-f5bb94b21869,m
Трофимову Александру Борисовичу,химии и науки о материалах,2016,http://www.ras.ru/presidium/documents/directions.aspx?ID=2903bbc8-b2e6-408b-aa1e-f5bb94b21869,m
Туктарову Айрату Рамилевичу,химии и науки о материалах,2016,http://www.ras.ru/presidium/documents/directions.aspx?ID=2903bbc8-b2e6-408b-aa1e-f5bb94b21869,m
Тулупову Андрею Александровичу,химии и науки о материалах,2016,http://www.ras.ru/presidium/documents/directions.aspx?ID=2903bbc8-b2e6-408b-aa1e-f5bb94b21869,m
Федину Матвею Владимировичу,химии и науки о материалах,2016,http://www.ras.ru/presidium/documents/directions.aspx?ID=2903bbc8-b2e6-408b-aa1e-f5bb94b21869,m
Фукину Георгию Константиновичу,химии и науки о материалах,2016,http://www.ras.ru/presidium/documents/directions.aspx?ID=2903bbc8-b2e6-408b-aa1e-f5bb94b21869,m
Чекменёву Эдуарду Юрьевичу,химии и науки о материалах,2016,http://www.ras.ru/presidium/documents/directions.aspx?ID=2903bbc8-b2e6-408b-aa1e-f5bb94b21869,m
"ученая степень PhD,",химии и науки о материалах,2016,http://www.ras.ru/presidium/documents/directions.aspx?ID=2903bbc8-b2e6-408b-aa1e-f5bb94b21869,m
Черниковой Елене Вячеславовне,химии и науки о материалах,2016,http://www.ras.ru/presidium/documents/directions.aspx?ID=2903bbc8-b2e6-408b-aa1e-f5bb94b21869,f
Чукичевой Ирине Юрьевне,химии и науки о материалах,2016,http://www.ras.ru/presidium/documents/directions.aspx?ID=2903bbc8-b2e6-408b-aa1e-f5bb94b21869,f
Юркову Глебу Юрьевичу,химии и науки о материалах,2016,http://www.ras.ru/presidium/documents/directions.aspx?ID=2903bbc8-b2e6-408b-aa1e-f5bb94b21869,m
Яхварову Дмитрию Григорьевичу,химии и науки о материалах,2016,http://www.ras.ru/presidium/documents/directions.aspx?ID=2903bbc8-b2e6-408b-aa1e-f5bb94b21869,m
Антонову Николаю Юрьевичу,математические науки,2018,http://www.ras.ru/presidium/documents/directions.aspx?ID=121296fc-3b6b-4caf-97e4-c2fe55327a0c,m
Безродных Сергею Игоревичу,математические науки,2018,http://www.ras.ru/presidium/documents/directions.aspx?ID=121296fc-3b6b-4caf-97e4-c2fe55327a0c,m
Бородину Петру Анатольевичу,математические науки,2018,http://www.ras.ru/presidium/documents/directions.aspx?ID=121296fc-3b6b-4caf-97e4-c2fe55327a0c,m
Горобец Андрею Владимировичу,математические науки,2018,http://www.ras.ru/presidium/documents/directions.aspx?ID=121296fc-3b6b-4caf-97e4-c2fe55327a0c,m
Запорожцу Дмитрию Николаевичу,математические науки,2018,http://www.ras.ru/presidium/documents/directions.aspx?ID=121296fc-3b6b-4caf-97e4-c2fe55327a0c,m
Корневу Андрею Алексеевичу,математические науки,2018,http://www.ras.ru/presidium/documents/directions.aspx?ID=121296fc-3b6b-4caf-97e4-c2fe55327a0c,m
Королеву Максиму Александровичу,математические науки,2018,http://www.ras.ru/presidium/documents/directions.aspx?ID=121296fc-3b6b-4caf-97e4-c2fe55327a0c,m
Мамаеву Ивану Сергеевичу,математические науки,2018,http://www.ras.ru/presidium/documents/directions.aspx?ID=121296fc-3b6b-4caf-97e4-c2fe55327a0c,m
Марченко Михаилу Александровичу,математические науки,2018,http://www.ras.ru/presidium/documents/directions.aspx?ID=121296fc-3b6b-4caf-97e4-c2fe55327a0c,m
Осипову Денису Васильевичу,математические науки,2018,http://www.ras.ru/presidium/documents/directions.aspx?ID=121296fc-3b6b-4caf-97e4-c2fe55327a0c,m
Трахинину Юрию Леонидовичу,математические науки,2018,http://www.ras.ru/presidium/documents/directions.aspx?ID=121296fc-3b6b-4caf-97e4-c2fe55327a0c,m
Аникину Игорю Валерьевичу,физические науки,2018,http://www.ras.ru/presidium/documents/directions.aspx?ID=8229e11d-3755-40bc-a419-5cad3f9d152c,m
Богачеву Сергею Александровичу,физические науки,2018,http://www.ras.ru/presidium/documents/directions.aspx?ID=8229e11d-3755-40bc-a419-5cad3f9d152c,m
Водолазову Денису Юрьевичу,физические науки,2018,http://www.ras.ru/presidium/documents/directions.aspx?ID=8229e11d-3755-40bc-a419-5cad3f9d152c,m
Каблукову Сергею Ивановичу,физические науки,2018,http://www.ras.ru/presidium/documents/directions.aspx?ID=8229e11d-3755-40bc-a419-5cad3f9d152c,m
Карташову Ярославу Вячеславовичу,физические науки,2018,http://www.ras.ru/presidium/documents/directions.aspx?ID=8229e11d-3755-40bc-a419-5cad3f9d152c,m
Лотову Константину Владимировичу,физические науки,2018,http://www.ras.ru/presidium/documents/directions.aspx?ID=8229e11d-3755-40bc-a419-5cad3f9d152c,m
Лохтину Игорю Петровичу,физические науки,2018,http://www.ras.ru/presidium/documents/directions.aspx?ID=8229e11d-3755-40bc-a419-5cad3f9d152c,m
Лушникову Павлу Михайловичу,физические науки,2018,http://www.ras.ru/presidium/documents/directions.aspx?ID=8229e11d-3755-40bc-a419-5cad3f9d152c,m
Макарову Дмитрию Игоревичу,физические науки,2018,http://www.ras.ru/presidium/documents/directions.aspx?ID=8229e11d-3755-40bc-a419-5cad3f9d152c,m
Поддубному Александру Никитичу,физические науки,2018,http://www.ras.ru/presidium/documents/directions.aspx?ID=8229e11d-3755-40bc-a419-5cad3f9d152c,m
Родиной Анне Валерьевне,физические науки,2018,http://www.ras.ru/presidium/documents/directions.aspx?ID=8229e11d-3755-40bc-a419-5cad3f9d152c,f
Рубцову Григорию Игоревичу,физические науки,2018,http://www.ras.ru/presidium/documents/directions.aspx?ID=8229e11d-3755-40bc-a419-5cad3f9d152c,m
Слюняеву Алексею Викторовичу,физические науки,2018,http://www.ras.ru/presidium/documents/directions.aspx?ID=8229e11d-3755-40bc-a419-5cad3f9d152c,m
Баимовой Юлии Айдаровне,"энергетики, машиностроения, механики и процессов управления",2018,http://www.ras.ru/presidium/documents/directions.aspx?ID=6df9b260-d7b4-4a46-bd8b-24482fc42d4d,f
Карпову Евгению Викторовичу,"энергетики, машиностроения, механики и процессов управления",2018,http://www.ras.ru/presidium/documents/directions.aspx?ID=6df9b260-d7b4-4a46-bd8b-24482fc42d4d,m
"Ковтанюк Ларисе","энергетики, машиностроения, механики и процессов управления",2018,http://www.ras.ru/presidium/documents/directions.aspx?ID=6df9b260-d7b4-4a46-bd8b-24482fc42d4d,m
 Колесникову Игорю,"энергетики, машиностроения, механики и процессов управления",2018,http://www.ras.ru/presidium/documents/directions.aspx?ID=6df9b260-d7b4-4a46-bd8b-24482fc42d4d,m
"Сельвесюку Николаю","энергетики, машиностроения, механики и процессов управления",2018,http://www.ras.ru/presidium/documents/directions.aspx?ID=6df9b260-d7b4-4a46-bd8b-24482fc42d4d,m
Сидорову Денису Николаевичу,"энергетики, машиностроения, механики и процессов управления",2018,http://www.ras.ru/presidium/documents/directions.aspx?ID=6df9b260-d7b4-4a46-bd8b-24482fc42d4d,m
Федяевой Оксане Николаевне,"энергетики, машиностроения, механики и процессов управления",2018,http://www.ras.ru/presidium/documents/directions.aspx?ID=6df9b260-d7b4-4a46-bd8b-24482fc42d4d,f
Шматкову Антону Михайловичу,"энергетики, машиностроения, механики и процессов управления",2018,http://www.ras.ru/presidium/documents/directions.aspx?ID=6df9b260-d7b4-4a46-bd8b-24482fc42d4d,m
Беккер Татьяне Борисовне,науки о Земле,2018,http://www.ras.ru/presidium/documents/directions.aspx?ID=2690ea0d-5479-479d-abaf-d7ccc86a60c3,f
"Веселовскому Роману",науки о Земле,2018,http://www.ras.ru/presidium/documents/directions.aspx?ID=2690ea0d-5479-479d-abaf-d7ccc86a60c3,m
Глинских Вячеславу Николаевичу,науки о Земле,2018,http://www.ras.ru/presidium/documents/directions.aspx?ID=2690ea0d-5479-479d-abaf-d7ccc86a60c3,m
Иванову Алексею Викторовичу,науки о Земле,2018,http://www.ras.ru/presidium/documents/directions.aspx?ID=2690ea0d-5479-479d-abaf-d7ccc86a60c3,m
Коновалову Игорю Борисовичу,науки о Земле,2018,http://www.ras.ru/presidium/documents/directions.aspx?ID=2690ea0d-5479-479d-abaf-d7ccc86a60c3,m
"Макарову Александру",науки о Земле,2018,http://www.ras.ru/presidium/documents/directions.aspx?ID=2690ea0d-5479-479d-abaf-d7ccc86a60c3,m
"Огородову Станиславу",науки о Земле,2018,http://www.ras.ru/presidium/documents/directions.aspx?ID=2690ea0d-5479-479d-abaf-d7ccc86a60c3,m
Плечову Павлу Юрьевичу,науки о Земле,2018,http://www.ras.ru/presidium/documents/directions.aspx?ID=2690ea0d-5479-479d-abaf-d7ccc86a60c3,m
"Строковой Валерии",науки о Земле,2018,http://www.ras.ru/presidium/documents/directions.aspx?ID=2690ea0d-5479-479d-abaf-d7ccc86a60c3,m
Лексютиной Яне Валерьевне,глобальные проблем и международных отношений,2018,http://www.ras.ru/presidium/documents/directions.aspx?ID=875d3e44-9292-4656-8883-8c986edd1a66,f
Лукьянову Сергею Александровичу,глобальные проблем и международных отношений,2018,http://www.ras.ru/presidium/documents/directions.aspx?ID=875d3e44-9292-4656-8883-8c986edd1a66,m
Рыхтику Михаилу Ивановичу,глобальные проблем и международных отношений,2018,http://www.ras.ru/presidium/documents/directions.aspx?ID=875d3e44-9292-4656-8883-8c986edd1a66,m
Федотовой Надежде Николаевне,глобальные проблем и международных отношений,2018,http://www.ras.ru/presidium/documents/directions.aspx?ID=875d3e44-9292-4656-8883-8c986edd1a66,f
Бондарко Николаю Александровичу,историко-филологические науки,2018,http://www.ras.ru/presidium/documents/directions.aspx?ID=a6fa8853-49ba-4cfa-b58d-a270be7c4897,m
Зайцеву Илье Владимировичу,историко-филологические науки,2018,http://www.ras.ru/presidium/documents/directions.aspx?ID=a6fa8853-49ba-4cfa-b58d-a270be7c4897,m
Колобовой Ксении Анатольевне,историко-филологические науки,2018,http://www.ras.ru/presidium/documents/directions.aspx?ID=a6fa8853-49ba-4cfa-b58d-a270be7c4897,f
Татевосову Сергею Георгиевичу,историко-филологические науки,2018,http://www.ras.ru/presidium/documents/directions.aspx?ID=a6fa8853-49ba-4cfa-b58d-a270be7c4897,m
Жуковой Людмиле Григорьевне,физиологические науки,2018,http://www.ras.ru/presidium/documents/directions.aspx?ID=86c60380-13c1-409b-af1e-be5257f37607,f
Пантелееву Михаилу Александровичу,физиологические науки,2018,http://www.ras.ru/presidium/documents/directions.aspx?ID=86c60380-13c1-409b-af1e-be5257f37607,m
Алешкину Андрею Владимировичу,медицинские науки,2018,http://www.ras.ru/presidium/documents/directions.aspx?ID=6574c493-ecea-44c2-82f7-1c04f0a93d39,m
Джувалякову Павлу Георгиевичу,медицинские науки,2018,http://www.ras.ru/presidium/documents/directions.aspx?ID=6574c493-ecea-44c2-82f7-1c04f0a93d39,m
Зароченцевой Нине Викторовне,медицинские науки,2018,http://www.ras.ru/presidium/documents/directions.aspx?ID=6574c493-ecea-44c2-82f7-1c04f0a93d39,f
Захаровой Наталье Евгеньевне,медицинские науки,2018,http://www.ras.ru/presidium/documents/directions.aspx?ID=6574c493-ecea-44c2-82f7-1c04f0a93d39,f
Иванову Сергею Анатольевичу,медицинские науки,2018,http://www.ras.ru/presidium/documents/directions.aspx?ID=6574c493-ecea-44c2-82f7-1c04f0a93d39,m
Киму Эдуарду Феликсовичу,медицинские науки,2018,http://www.ras.ru/presidium/documents/directions.aspx?ID=6574c493-ecea-44c2-82f7-1c04f0a93d39,m
Кицулу Игорю Сергеевичу,медицинские науки,2018,http://www.ras.ru/presidium/documents/directions.aspx?ID=6574c493-ecea-44c2-82f7-1c04f0a93d39,m
Колсанову Александру Владимировичу,медицинские науки,2018,http://www.ras.ru/presidium/documents/directions.aspx?ID=6574c493-ecea-44c2-82f7-1c04f0a93d39,m
Костину Андрею Александровичу,медицинские науки,2018,http://www.ras.ru/presidium/documents/directions.aspx?ID=6574c493-ecea-44c2-82f7-1c04f0a93d39,m
Левченко Олегу Валерьевичу,медицинские науки,2018,http://www.ras.ru/presidium/documents/directions.aspx?ID=6574c493-ecea-44c2-82f7-1c04f0a93d39,m
Мокрышевой Наталье Георгиевне,медицинские науки,2018,http://www.ras.ru/presidium/documents/directions.aspx?ID=6574c493-ecea-44c2-82f7-1c04f0a93d39,f
Мудунову Али Мурадовичу,медицинские науки,2018,http://www.ras.ru/presidium/documents/directions.aspx?ID=6574c493-ecea-44c2-82f7-1c04f0a93d39,m
Попкову Дмитрию Арнольдовичу,медицинские науки,2018,http://www.ras.ru/presidium/documents/directions.aspx?ID=6574c493-ecea-44c2-82f7-1c04f0a93d39,m
Ребрикову Денису Владимировичу,медицинские науки,2018,http://www.ras.ru/presidium/documents/directions.aspx?ID=6574c493-ecea-44c2-82f7-1c04f0a93d39,m
Рыбакову Евгению Геннадиевичу,медицинские науки,2018,http://www.ras.ru/presidium/documents/directions.aspx?ID=6574c493-ecea-44c2-82f7-1c04f0a93d39,m
Рыжковой Дарье Викторовне,медицинские науки,2018,http://www.ras.ru/presidium/documents/directions.aspx?ID=6574c493-ecea-44c2-82f7-1c04f0a93d39,f
Самойлову Александру Сергеевичу,медицинские науки,2018,http://www.ras.ru/presidium/documents/directions.aspx?ID=6574c493-ecea-44c2-82f7-1c04f0a93d39,m
Супоневой Наталье Александровне,медицинские науки,2018,http://www.ras.ru/presidium/documents/directions.aspx?ID=6574c493-ecea-44c2-82f7-1c04f0a93d39,f
Фомину Дмитрию Кирилловичу,медицинские науки,2018,http://www.ras.ru/presidium/documents/directions.aspx?ID=6574c493-ecea-44c2-82f7-1c04f0a93d39,m
Чернышовой Алене Леонидовне,медицинские науки,2018,http://www.ras.ru/presidium/documents/directions.aspx?ID=6574c493-ecea-44c2-82f7-1c04f0a93d39,f
Шмакову Роману Георгиевичу,медицинские науки,2018,http://www.ras.ru/presidium/documents/directions.aspx?ID=6574c493-ecea-44c2-82f7-1c04f0a93d39,m
Щербиной Анне Юрьевне,медицинские науки,2018,http://www.ras.ru/presidium/documents/directions.aspx?ID=6574c493-ecea-44c2-82f7-1c04f0a93d39,f
Юрову Ивану Юрьевичу,медицинские науки,2018,http://www.ras.ru/presidium/documents/directions.aspx?ID=6574c493-ecea-44c2-82f7-1c04f0a93d39,m
Абакумову Евгению Васильевичу,сельскохозяйственные науки,2018,http://www.ras.ru/presidium/documents/directions.aspx?ID=b0637144-1392-414b-9d02-1fa1e3a09a9b,m
Арисову Михаилу Владимировичу,сельскохозяйственные науки,2018,http://www.ras.ru/presidium/documents/directions.aspx?ID=b0637144-1392-414b-9d02-1fa1e3a09a9b,m
Барышеву Михаилу Геннадьевичу,сельскохозяйственные науки,2018,http://www.ras.ru/presidium/documents/directions.aspx?ID=b0637144-1392-414b-9d02-1fa1e3a09a9b,m
Боровику Александру Николаевичу,сельскохозяйственные науки,2018,http://www.ras.ru/presidium/documents/directions.aspx?ID=b0637144-1392-414b-9d02-1fa1e3a09a9b,m
Брюханову Александру Юрьевичу,сельскохозяйственные науки,2018,http://www.ras.ru/presidium/documents/directions.aspx?ID=b0637144-1392-414b-9d02-1fa1e3a09a9b,m
Глинушкину Алексею Павловичу,сельскохозяйственные науки,2018,http://www.ras.ru/presidium/documents/directions.aspx?ID=b0637144-1392-414b-9d02-1fa1e3a09a9b,m
Еремину Виктору Геннадиевичу,сельскохозяйственные науки,2018,http://www.ras.ru/presidium/documents/directions.aspx?ID=b0637144-1392-414b-9d02-1fa1e3a09a9b,m
Марченко Вячеславу Вячеславовичу,сельскохозяйственные науки,2018,http://www.ras.ru/presidium/documents/directions.aspx?ID=b0637144-1392-414b-9d02-1fa1e3a09a9b,m
Московскому Максиму Николаевичу,сельскохозяйственные науки,2018,http://www.ras.ru/presidium/documents/directions.aspx?ID=b0637144-1392-414b-9d02-1fa1e3a09a9b,m
Некрасову Роману Владимировичу,сельскохозяйственные науки,2018,http://www.ras.ru/presidium/documents/directions.aspx?ID=b0637144-1392-414b-9d02-1fa1e3a09a9b,m
Лопухину Андрею Александровичу,сельскохозяйственные науки,2018,http://www.ras.ru/presidium/documents/directions.aspx?ID=b0637144-1392-414b-9d02-1fa1e3a09a9b,m
Попову Василию Николаевичу,сельскохозяйственные науки,2018,http://www.ras.ru/presidium/documents/directions.aspx?ID=b0637144-1392-414b-9d02-1fa1e3a09a9b,m
Солдатенко Алексею Васильевичу,сельскохозяйственные науки,2018,http://www.ras.ru/presidium/documents/directions.aspx?ID=b0637144-1392-414b-9d02-1fa1e3a09a9b,m
Токареву Юрию Сергеевичу,сельскохозяйственные науки,2018,http://www.ras.ru/presidium/documents/directions.aspx?ID=b0637144-1392-414b-9d02-1fa1e3a09a9b,m
NA,NA,NA,NA,NA
